iso3,country,region,disease_exposure,economic_sensitivity,legal_preparedness,domestic_legal_readiness,trade_continuity_preparedness,legal_indicators_available,legal_indicators_total,legal_vulnerability,tvi,data_availability,tvi_class,disease_class,economic_class,legal_class,contrib_disease,contrib_economic,contrib_legal
TCD,Chad,Africa,,62.6,12.5,12.5,,2,5,87.5,75.0,E/L,High,N/A,High,Very Weak,,20.866666666666667,29.166666666666664
AFG,Afghanistan,Asia and the Pacific,85.7,45.3,8.3,,8.3,3,5,91.7,74.2,D/E/L,High,Very High,Moderate,Very Weak,28.566666666666666,15.099999999999998,30.566666666666666
TLS,Timor-Leste,Asia and the Pacific,,47.0,0.0,,0.0,3,5,100.0,73.5,E/L,High,N/A,Moderate,Very Weak,,15.666666666666666,33.33333333333333
MLI,Mali,Africa,100.0,43.2,,,,0,5,,71.6,D/E,High,Very High,Moderate,N/A,33.33333333333333,14.4,
NER,Niger,Africa,,52.4,12.5,12.5,,2,5,87.5,70.0,E/L,High,N/A,Moderate,Very Weak,,17.466666666666665,29.166666666666664
GAB,Gabon,Africa,,70.0,,,,0,5,,70.0,E,High,N/A,High,N/A,,23.333333333333332,
TON,Tonga,Asia and the Pacific,,63.2,27.1,37.5,16.7,5,5,72.9,68.1,E/L,High,N/A,High,Weak,,21.066666666666666,24.3
SLB,Solomon Islands,Asia and the Pacific,,59.6,25.0,25.0,25.0,3,5,75.0,67.3,E/L,High,N/A,Moderate,Weak,,19.866666666666667,25.0
SDN,Sudan,Africa,85.7,41.2,25.0,,25.0,3,5,75.0,67.3,D/E/L,High,Very High,Moderate,Weak,28.566666666666666,13.733333333333334,25.0
MWI,Malawi,Africa,,58.6,25.0,25.0,25.0,3,5,75.0,66.8,E/L,High,N/A,Moderate,Weak,,19.53333333333333,25.0
MRT,Mauritania,Africa,85.7,50.5,37.5,37.5,,2,5,62.5,66.2,D/E/L,High,Very High,Moderate,Weak,28.566666666666666,16.833333333333332,20.833333333333332
KGZ,Kyrgyzstan,Asia and the Pacific,,48.1,16.7,,16.7,3,5,83.3,65.7,E/L,High,N/A,Moderate,Very Weak,,16.03333333333333,27.766666666666666
TGO,Togo,Africa,,56.4,25.0,25.0,,1,5,75.0,65.7,E/L,High,N/A,Moderate,Weak,,18.799999999999997,25.0
TJK,Tajikistan,Asia and the Pacific,,62.8,33.3,,33.3,3,5,66.7,64.8,E/L,High,N/A,High,Weak,,20.93333333333333,22.233333333333334
CPV,Cabo Verde,Africa,,64.6,,,,0,5,,64.6,E,High,N/A,High,N/A,,21.53333333333333,
GIN,Guinea,Africa,,66.4,37.5,37.5,,2,5,62.5,64.4,E/L,High,N/A,High,Weak,,22.133333333333333,20.833333333333332
SSD,South Sudan,Africa,,47.2,18.8,12.5,25.0,3,5,81.2,64.2,E/L,High,N/A,Moderate,Very Weak,,15.733333333333334,27.066666666666666
EGY,Egypt,Africa,71.4,57.0,,,,0,5,,64.2,D/E,High,High,Moderate,N/A,23.8,19.0,
MOZ,Mozambique,Africa,,64.0,,,,0,5,,64.0,E,High,N/A,High,N/A,,21.333333333333332,
SLE,Sierra Leone,Africa,,63.2,,,,0,5,,63.2,E,High,N/A,High,N/A,,21.066666666666666,
COG,Congo,Africa,,50.5,25.0,25.0,,2,5,75.0,62.8,E/L,High,N/A,Moderate,Weak,,16.833333333333332,25.0
PAK,Pakistan,Asia and the Pacific,71.4,53.6,,,,0,5,,62.5,D/E,High,High,Moderate,N/A,23.8,17.866666666666667,
SYR,Syria,Middle East,85.7,38.8,,,,0,5,,62.2,D/E,High,Very High,Low,N/A,28.566666666666666,12.933333333333332,
IRN,Iran,Middle East,71.4,52.7,,,,0,5,,62.0,D/E,High,High,Moderate,N/A,23.8,17.566666666666666,
KAZ,Kazakhstan,Asia and the Pacific,,61.9,,,,0,5,,61.9,E,High,N/A,High,N/A,,20.633333333333333,
ISR,Israel,Europe,,47.0,25.0,,25.0,3,5,75.0,61.0,E/L,High,N/A,Moderate,Weak,,15.666666666666666,25.0
ETH,Ethiopia,Africa,,56.3,37.5,37.5,37.5,4,5,62.5,59.4,E/L,Moderate,N/A,Moderate,Weak,,18.766666666666666,20.833333333333332
COM,Comoros,Africa,,59.4,,,,0,5,,59.4,E,Moderate,N/A,Moderate,N/A,,19.799999999999997,
IRQ,Iraq,Middle East,85.7,31.3,,,,0,5,,58.5,D/E,Moderate,Very High,Low,N/A,28.566666666666666,10.433333333333334,
KOR,Republic of Korea,Asia and the Pacific,,58.4,,,,0,5,,58.4,E,Moderate,N/A,Moderate,N/A,,19.466666666666665,
CMR,Cameroon,Africa,,58.0,,,,0,5,,58.0,E,Moderate,N/A,Moderate,N/A,,19.333333333333332,
JOR,Jordan,Middle East,71.4,43.9,,,,0,5,,57.6,D/E,Moderate,High,Moderate,N/A,23.8,14.633333333333333,
BLZ,Belize,Americas,,48.2,33.3,,33.3,3,5,66.7,57.4,E/L,Moderate,N/A,Moderate,Weak,,16.066666666666666,22.233333333333334
TUN,Tunisia,Africa,57.1,57.7,,,,0,5,,57.4,D/E,Moderate,Moderate,Moderate,N/A,19.03333333333333,19.233333333333334,
GHA,Ghana,Africa,,57.3,,,,0,5,,57.3,E,Moderate,N/A,Moderate,N/A,,19.099999999999998,
SEN,Senegal,Africa,,57.2,,,,0,5,,57.2,E,Moderate,N/A,Moderate,N/A,,19.066666666666666,
GMB,Gambia,Africa,,56.9,,,,0,5,,56.9,E,Moderate,N/A,Moderate,N/A,,18.966666666666665,
LTU,Lithuania,Europe,,56.6,,,,0,5,,56.6,E,Moderate,N/A,Moderate,N/A,,18.866666666666667,
SOM,Somalia,Africa,,50.2,37.5,25.0,50.0,3,5,62.5,56.4,E/L,Moderate,N/A,Moderate,Weak,,16.733333333333334,20.833333333333332
PSE,Palestine,Middle East,71.4,41.0,,,,0,5,,56.2,D/E,Moderate,High,Moderate,N/A,23.8,13.666666666666666,
TUR,Türkiye,Europe,42.9,42.4,16.7,,16.7,3,5,83.3,56.2,D/E/L,Moderate,Moderate,Moderate,Very Weak,14.299999999999999,14.133333333333333,27.766666666666666
MDV,Maldives,Asia and the Pacific,,56.0,,,,0,5,,56.0,E,Moderate,N/A,Moderate,N/A,,18.666666666666664,
BDI,Burundi,Africa,,55.7,,,,0,5,,55.7,E,Moderate,N/A,Moderate,N/A,,18.566666666666666,
VNM,Viet Nam,Asia and the Pacific,,35.9,25.0,,25.0,1,5,75.0,55.4,E/L,Moderate,N/A,Low,Weak,,11.966666666666665,25.0
JAM,Jamaica,Americas,,55.3,,,,0,5,,55.3,E,Moderate,N/A,Moderate,N/A,,18.43333333333333,
PNG,Papua New Guinea,Asia and the Pacific,,55.2,,,,0,5,,55.2,E,Moderate,N/A,Moderate,N/A,,18.4,
SWZ,Eswatini,Africa,,59.8,50.0,,50.0,3,5,50.0,54.9,E/L,Moderate,N/A,Moderate,Moderate,,19.93333333333333,16.666666666666664
NAM,Namibia,Africa,,54.8,,,,0,5,,54.8,E,Moderate,N/A,Moderate,N/A,,18.266666666666666,
FJI,Fiji,Asia and the Pacific,,54.4,,,,0,5,,54.4,E,Moderate,N/A,Moderate,N/A,,18.133333333333333,
NGA,Nigeria,Africa,,52.2,43.8,37.5,50.0,3,5,56.2,54.2,E/L,Moderate,N/A,Moderate,Moderate,,17.4,18.733333333333334
DMA,Dominica,Americas,,53.9,,,,0,5,,53.9,E,Moderate,N/A,Moderate,N/A,,17.966666666666665,
ERI,Eritrea,Africa,,53.8,,,,0,5,,53.8,E,Moderate,N/A,Moderate,N/A,,17.93333333333333,
SYC,Seychelles,Africa,,53.6,,,,0,5,,53.6,E,Moderate,N/A,Moderate,N/A,,17.866666666666667,
RWA,Rwanda,Africa,,44.8,37.5,37.5,37.5,4,5,62.5,53.6,E/L,Moderate,N/A,Moderate,Weak,,14.933333333333332,20.833333333333332
DJI,Djibouti,Africa,,53.5,,,,0,5,,53.5,E,Moderate,N/A,Moderate,N/A,,17.833333333333332,
LAO,Lao PDR,Asia and the Pacific,,53.4,,,,0,5,,53.4,E,Moderate,N/A,Moderate,N/A,,17.799999999999997,
NLD,Netherlands,Europe,,53.1,,,,0,5,,53.1,E,Moderate,N/A,Moderate,N/A,,17.7,
CHN,China,Asia and the Pacific,,53.1,,,,0,5,,53.1,E,Moderate,N/A,Moderate,N/A,,17.7,
VUT,Vanuatu,Asia and the Pacific,,53.0,,,,0,5,,53.0,E,Moderate,N/A,Moderate,N/A,,17.666666666666664,
LBN,Lebanon,Middle East,71.4,34.3,,,,0,5,,52.8,D/E,Moderate,High,Low,N/A,23.8,11.433333333333332,
BHS,Bahamas,Americas,,52.8,,,,0,5,,52.8,E,Moderate,N/A,Moderate,N/A,,17.599999999999998,
TZA,Tanzania,Africa,,46.3,41.7,,41.7,3,5,58.3,52.3,E/L,Moderate,N/A,Moderate,Moderate,,15.433333333333332,19.43333333333333
TKM,Turkmenistan,Asia and the Pacific,,52.1,,,,0,5,,52.1,E,Moderate,N/A,Moderate,N/A,,17.366666666666667,
LKA,Sri Lanka,Asia and the Pacific,,51.8,,,,0,5,,51.8,E,Moderate,N/A,Moderate,N/A,,17.266666666666666,
GNB,Guinea-Bissau,Africa,,51.8,,,,0,5,,51.8,E,Moderate,N/A,Moderate,N/A,,17.266666666666666,
VEN,Venezuela,Americas,,51.6,,,,0,5,,51.6,E,Moderate,N/A,Moderate,N/A,,17.2,
DOM,Dominican Republic,Americas,,51.4,,,,0,5,,51.4,E,Moderate,N/A,Moderate,N/A,,17.133333333333333,
GUY,Guyana,Americas,,50.8,,,,0,5,,50.8,E,Moderate,N/A,Moderate,N/A,,16.93333333333333,
BFA,Burkina Faso,Africa,,50.6,,,,0,5,,50.6,E,Moderate,N/A,Moderate,N/A,,16.866666666666667,
BHR,Bahrain,Middle East,,50.0,,,,0,5,,50.0,E,Moderate,N/A,Moderate,N/A,,16.666666666666664,
URY,Uruguay,Americas,,49.9,,,,0,5,,49.9,E,Moderate,N/A,Moderate,N/A,,16.633333333333333,
YEM,Yemen,Middle East,,49.9,,,,0,5,,49.9,E,Moderate,N/A,Moderate,N/A,,16.633333333333333,
UGA,Uganda,Africa,,49.8,,,,0,5,,49.8,E,Moderate,N/A,Moderate,N/A,,16.599999999999998,
KHM,Cambodia,Asia and the Pacific,,49.7,,,,0,5,,49.7,E,Moderate,N/A,Moderate,N/A,,16.566666666666666,
MNE,Montenegro,Europe,,49.6,,,,0,5,,49.6,E,Moderate,N/A,Moderate,N/A,,16.53333333333333,
CIV,Côte d'Ivoire,Africa,,49.4,,,,0,5,,49.4,E,Moderate,N/A,Moderate,N/A,,16.466666666666665,
CUB,Cuba,Americas,,49.4,,,,0,5,,49.4,E,Moderate,N/A,Moderate,N/A,,16.466666666666665,
PRK,Dem. People's Rep. of Korea,Asia and the Pacific,,49.3,,,,0,5,,49.3,E,Moderate,N/A,Moderate,N/A,,16.43333333333333,
AGO,Angola,Africa,,49.2,,,,0,5,,49.2,E,Moderate,N/A,Moderate,N/A,,16.4,
BRN,Brunei,Asia and the Pacific,,48.9,,,,0,5,,48.9,E,Moderate,N/A,Moderate,N/A,,16.299999999999997,
PER,Peru,Americas,,48.7,,,,0,5,,48.7,E,Moderate,N/A,Moderate,N/A,,16.233333333333334,
ZMB,Zambia,Africa,,53.3,56.2,62.5,50.0,5,5,43.8,48.6,E/L,Moderate,N/A,Moderate,Moderate,,17.766666666666666,14.599999999999998
GNQ,Equatorial Guinea,Africa,,48.2,,,,0,5,,48.2,E,Moderate,N/A,Moderate,N/A,,16.066666666666666,
MMR,Myanmar,Asia and the Pacific,,48.0,,,,0,5,,48.0,E,Moderate,N/A,Moderate,N/A,,16.0,
ARE,United Arab Emirates,Middle East,,39.8,43.8,50.0,37.5,4,5,56.2,48.0,E/L,Moderate,N/A,Low,Moderate,,13.266666666666666,18.733333333333334
NZL,New Zealand,Asia and the Pacific,,48.0,,,,0,5,,48.0,E,Moderate,N/A,Moderate,N/A,,16.0,
FIN,Finland,Europe,,47.8,,,,0,5,,47.8,E,Moderate,N/A,Moderate,N/A,,15.933333333333332,
MNG,Mongolia,Asia and the Pacific,,47.7,,,,0,5,,47.7,E,Moderate,N/A,Moderate,N/A,,15.9,
KEN,Kenya,Africa,,47.6,,,,0,5,,47.6,E,Moderate,N/A,Moderate,N/A,,15.866666666666667,
HTI,Haiti,Americas,,47.2,,,,0,5,,47.2,E,Moderate,N/A,Moderate,N/A,,15.733333333333334,
MYS,Malaysia,Asia and the Pacific,,46.9,,,,0,5,,46.9,E,Moderate,N/A,Moderate,N/A,,15.633333333333333,
HRV,Croatia,Europe,,46.8,,,,0,5,,46.8,E,Moderate,N/A,Moderate,N/A,,15.599999999999998,
HND,Honduras,Americas,,46.5,,,,0,5,,46.5,E,Moderate,N/A,Moderate,N/A,,15.5,
THA,Thailand,Asia and the Pacific,,46.5,,,,0,5,,46.5,E,Moderate,N/A,Moderate,N/A,,15.5,
LBY,Libya,Africa,42.9,49.8,,,,0,5,,46.3,D/E,Moderate,Moderate,Moderate,N/A,14.299999999999999,16.599999999999998,
SVN,Slovenia,Europe,,46.3,,,,0,5,,46.3,E,Moderate,N/A,Moderate,N/A,,15.433333333333332,
BEN,Benin,Africa,,46.2,,,,0,5,,46.2,E,Moderate,N/A,Moderate,N/A,,15.4,
MUS,Mauritius,Africa,,46.2,,,,0,5,,46.2,E,Moderate,N/A,Moderate,N/A,,15.4,
KNA,Saint Kitts and Nevis,Americas,,45.5,,,,0,5,,45.5,E,Moderate,N/A,Moderate,N/A,,15.166666666666666,
GRD,Grenada,Americas,,45.5,,,,0,5,,45.5,E,Moderate,N/A,Moderate,N/A,,15.166666666666666,
COD,Democratic Republic of the Congo,Africa,,45.4,,,,0,5,,45.4,E,Moderate,N/A,Moderate,N/A,,15.133333333333333,
BGR,Bulgaria,Europe,,45.3,,,,0,5,,45.3,E,Moderate,N/A,Moderate,N/A,,15.099999999999998,
ALB,Albania,Europe,,45.3,,,,0,5,,45.3,E,Moderate,N/A,Moderate,N/A,,15.099999999999998,
DEU,Germany,Europe,,45.1,,,,0,5,,45.1,E,Moderate,N/A,Moderate,N/A,,15.033333333333333,
BTN,Bhutan,Asia and the Pacific,,45.0,,,,0,5,,45.0,E,Moderate,N/A,Moderate,N/A,,15.0,
UZB,Uzbekistan,Asia and the Pacific,,44.7,,,,0,5,,44.7,E,Moderate,N/A,Moderate,N/A,,14.9,
MEX,Mexico,Americas,,44.6,,,,0,5,,44.6,E,Moderate,N/A,Moderate,N/A,,14.866666666666667,
LBR,Liberia,Africa,,44.6,,,,0,5,,44.6,E,Moderate,N/A,Moderate,N/A,,14.866666666666667,
IDN,Indonesia,Asia and the Pacific,,44.5,,,,0,5,,44.5,E,Moderate,N/A,Moderate,N/A,,14.833333333333332,
LCA,Saint Lucia,Americas,,44.3,,,,0,5,,44.3,E,Moderate,N/A,Moderate,N/A,,14.766666666666666,
BLR,Belarus,Europe,,46.5,58.3,,58.3,3,5,41.7,44.1,E/L,Moderate,N/A,Moderate,Moderate,,15.5,13.9
BGD,Bangladesh,Asia and the Pacific,,44.0,,,,0,5,,44.0,E,Moderate,N/A,Moderate,N/A,,14.666666666666666,
BWA,Botswana,Africa,,58.0,70.8,75.0,66.7,4,5,29.2,43.6,E/L,Moderate,N/A,Moderate,Strong,,19.333333333333332,9.733333333333333
ITA,Italy,Europe,,43.3,,,,0,5,,43.3,E,Moderate,N/A,Moderate,N/A,,14.433333333333332,
HUN,Hungary,Europe,,43.2,,,,0,5,,43.2,E,Moderate,N/A,Moderate,N/A,,14.4,
ECU,Ecuador,Americas,,43.2,,,,0,5,,43.2,E,Moderate,N/A,Moderate,N/A,,14.4,
PHL,Philippines,Asia and the Pacific,,43.1,,,,0,5,,43.1,E,Moderate,N/A,Moderate,N/A,,14.366666666666667,
CZE,Czechia,Europe,,43.0,,,,0,5,,43.0,E,Moderate,N/A,Moderate,N/A,,14.333333333333332,
ZWE,Zimbabwe,Africa,,42.9,,,,0,5,,42.9,E,Moderate,N/A,Moderate,N/A,,14.299999999999999,
DNK,Denmark,Europe,,42.6,,,,0,5,,42.6,E,Moderate,N/A,Moderate,N/A,,14.2,
ARG,Argentina,Americas,,42.5,,,,0,5,,42.5,E,Moderate,N/A,Moderate,N/A,,14.166666666666666,
GTM,Guatemala,Americas,,42.3,,,,0,5,,42.3,E,Moderate,N/A,Moderate,N/A,,14.099999999999998,
MKD,North Macedonia,Europe,,42.3,,,,0,5,,42.3,E,Moderate,N/A,Moderate,N/A,,14.099999999999998,
SMR,San Marino,Europe,,42.2,,,,0,5,,42.2,E,Moderate,N/A,Moderate,N/A,,14.066666666666666,
PRT,Portugal,Europe,,41.8,,,,0,5,,41.8,E,Moderate,N/A,Moderate,N/A,,13.933333333333332,
CAF,Central African Republic,Africa,,41.8,,,,0,5,,41.8,E,Moderate,N/A,Moderate,N/A,,13.933333333333332,
NPL,Nepal,Asia and the Pacific,,41.5,,,,0,5,,41.5,E,Moderate,N/A,Moderate,N/A,,13.833333333333332,
USA,United States of America,Americas,,41.2,,,,0,5,,41.2,E,Moderate,N/A,Moderate,N/A,,13.733333333333334,
PAN,Panama,Americas,,40.8,,,,0,5,,40.8,E,Moderate,N/A,Moderate,N/A,,13.599999999999998,
NIC,Nicaragua,Americas,,40.6,,,,0,5,,40.6,E,Moderate,N/A,Moderate,N/A,,13.533333333333333,
LSO,Lesotho,Africa,,40.5,,,,0,5,,40.5,E,Moderate,N/A,Moderate,N/A,,13.5,
AUS,Australia,Asia and the Pacific,,40.3,,,,0,5,,40.3,E,Moderate,N/A,Moderate,N/A,,13.433333333333332,
BOL,Bolivia,Americas,,40.3,,,,0,5,,40.3,E,Moderate,N/A,Moderate,N/A,,13.433333333333332,
SGP,Singapore,Asia and the Pacific,,40.1,,,,0,5,,40.1,E,Moderate,N/A,Moderate,N/A,,13.366666666666667,
WSM,Samoa,Asia and the Pacific,,40.1,,,,0,5,,40.1,E,Moderate,N/A,Moderate,N/A,,13.366666666666667,
ARM,Armenia,Europe,42.9,37.0,,,,0,5,,40.0,D/E,Low,Moderate,Low,N/A,14.299999999999999,12.333333333333332,
ZAF,South Africa,Africa,,63.0,83.3,,83.3,3,5,16.7,39.8,E/L,Low,N/A,High,Very Strong,,21.0,5.566666666666666
ATG,Antigua and Barbuda,Americas,,39.4,,,,0,5,,39.4,E,Low,N/A,Low,N/A,,13.133333333333333,
BEL,Belgium,Europe,,39.3,,,,0,5,,39.3,E,Low,N/A,Low,N/A,,13.099999999999998,
SWE,Sweden,Europe,,39.2,,,,0,5,,39.2,E,Low,N/A,Low,N/A,,13.066666666666666,
JPN,Japan,Asia and the Pacific,,39.1,,,,0,5,,39.1,E,Low,N/A,Low,N/A,,13.033333333333333,
STP,Sao Tome and Principe,Africa,,39.1,,,,0,5,,39.1,E,Low,N/A,Low,N/A,,13.033333333333333,
TTO,Trinidad and Tobago,Americas,,38.9,,,,0,5,,38.9,E,Low,N/A,Low,N/A,,12.966666666666665,
LVA,Latvia,Europe,,38.4,,,,0,5,,38.4,E,Low,N/A,Low,N/A,,12.799999999999999,
SRB,Serbia,Europe,,38.2,,,,0,5,,38.2,E,Low,N/A,Low,N/A,,12.733333333333334,
EST,Estonia,Europe,,37.4,,,,0,5,,37.4,E,Low,N/A,Low,N/A,,12.466666666666665,
ESP,Spain,Europe,,36.8,,,,0,5,,36.8,E,Low,N/A,Low,N/A,,12.266666666666666,
CRI,Costa Rica,Americas,,36.8,,,,0,5,,36.8,E,Low,N/A,Low,N/A,,12.266666666666666,
UKR,Ukraine,Europe,,36.8,,,,0,5,,36.8,E,Low,N/A,Low,N/A,,12.266666666666666,
CHL,Chile,Americas,,36.8,,,,0,5,,36.8,E,Low,N/A,Low,N/A,,12.266666666666666,
VCT,Saint Vincent and the Grenadines,Americas,,36.8,,,,0,5,,36.8,E,Low,N/A,Low,N/A,,12.266666666666666,
IND,India,Asia and the Pacific,,48.2,75.0,,75.0,3,5,25.0,36.6,E/L,Low,N/A,Moderate,Strong,,16.066666666666666,8.333333333333332
SUR,Suriname,Americas,,36.5,,,,0,5,,36.5,E,Low,N/A,Low,N/A,,12.166666666666666,
QAT,Qatar,Middle East,,36.5,,,,0,5,,36.5,E,Low,N/A,Low,N/A,,12.166666666666666,
SVK,Slovakia,Europe,,36.3,,,,0,5,,36.3,E,Low,N/A,Low,N/A,,12.099999999999998,
LUX,Luxembourg,Europe,,36.2,,,,0,5,,36.2,E,Low,N/A,Low,N/A,,12.066666666666666,
MAR,Morocco,Africa,14.3,58.0,,,,0,5,,36.2,D/E,Low,Very Low,Moderate,N/A,4.766666666666667,19.333333333333332,
FRA,France,Europe,,36.2,,,,0,5,,36.2,E,Low,N/A,Low,N/A,,12.066666666666666,
KWT,Kuwait,Middle East,,35.8,,,,0,5,,35.8,E,Low,N/A,Low,N/A,,11.933333333333332,
LIE,Liechtenstein,Europe,,35.6,,,,0,5,,35.6,E,Low,N/A,Low,N/A,,11.866666666666667,
IRL,Ireland,Europe,,35.6,,,,0,5,,35.6,E,Low,N/A,Low,N/A,,11.866666666666667,
AUT,Austria,Europe,,35.6,,,,0,5,,35.6,E,Low,N/A,Low,N/A,,11.866666666666667,
BRB,Barbados,Americas,,35.2,,,,0,5,,35.2,E,Low,N/A,Low,N/A,,11.733333333333334,
GRC,Greece,Europe,,35.2,,,,0,5,,35.2,E,Low,N/A,Low,N/A,,11.733333333333334,
OMN,Oman,Middle East,,35.0,,,,0,5,,35.0,E,Low,N/A,Low,N/A,,11.666666666666666,
COL,Colombia,Americas,,34.8,,,,0,5,,34.8,E,Low,N/A,Low,N/A,,11.599999999999998,
MLT,Malta,Europe,,34.6,,,,0,5,,34.6,E,Low,N/A,Low,N/A,,11.533333333333333,
POL,Poland,Europe,,34.4,,,,0,5,,34.4,E,Low,N/A,Low,N/A,,11.466666666666665,
DZA,Algeria,Africa,28.6,38.8,,,,0,5,,33.7,D/E,Low,Low,Low,N/A,9.533333333333333,12.933333333333332,
SAU,Saudi Arabia,Middle East,,33.6,,,,0,5,,33.6,E,Low,N/A,Low,N/A,,11.2,
CAN,Canada,Americas,,33.6,,,,0,5,,33.6,E,Low,N/A,Low,N/A,,11.2,
MDG,Madagascar,Africa,,33.2,,,,0,5,,33.2,E,Low,N/A,Low,N/A,,11.066666666666666,
BRA,Brazil,Americas,,33.1,,,,0,5,,33.1,E,Low,N/A,Low,N/A,,11.033333333333333,
AND,Andorra,Europe,,32.6,,,,0,5,,32.6,E,Low,N/A,Low,N/A,,10.866666666666667,
GBR,United Kingdom,Europe,,32.1,,,,0,5,,32.1,E,Low,N/A,Low,N/A,,10.7,
RUS,Russian Federation,Europe,,32.0,,,,0,5,,32.0,E,Low,N/A,Low,N/A,,10.666666666666666,
TWN,Chinese Taipei,Asia and the Pacific,,45.0,81.2,75.0,87.5,4,5,18.8,31.9,E/L,Low,N/A,Moderate,Very Strong,,15.0,6.266666666666667
NOR,Norway,Europe,,31.8,,,,0,5,,31.8,E,Low,N/A,Low,N/A,,10.6,
AZE,Azerbaijan,Europe,28.6,34.7,,,,0,5,,31.6,D/E,Low,Low,Low,N/A,9.533333333333333,11.566666666666666,
ISL,Iceland,Europe,,37.4,75.0,,75.0,2,5,25.0,31.2,E/L,Low,N/A,Low,Strong,,12.466666666666665,8.333333333333332
PRY,Paraguay,Americas,,30.8,,,,0,5,,30.8,E,Low,N/A,Low,N/A,,10.266666666666666,
MCO,Monaco,Europe,,30.4,,,,0,5,,30.4,E,Low,N/A,Low,N/A,,10.133333333333333,
BIH,Bosnia and Herzegovina,Europe,,29.6,,,,0,5,,29.6,E,Low,N/A,Low,N/A,,9.866666666666667,
GEO,Georgia,Europe,28.6,30.6,,,,0,5,,29.6,D/E,Low,Low,Low,N/A,9.533333333333333,10.2,
VAT,Holy See,Europe,,29.6,,,,0,5,,29.6,E,Low,N/A,Low,N/A,,9.866666666666667,
MDA,Moldova,Europe,,32.6,75.0,75.0,75.0,5,5,25.0,28.8,E/L,Low,N/A,Low,Strong,,10.866666666666667,8.333333333333332
SLV,El Salvador,Americas,,28.5,,,,0,5,,28.5,E,Low,N/A,Low,N/A,,9.5,
CYP,Cyprus,Europe,,27.6,,,,0,5,,27.6,E,Low,N/A,Low,N/A,,9.2,
ROU,Romania,Europe,,26.9,,,,0,5,,26.9,E,Low,N/A,Low,N/A,,8.966666666666665,
XKX,Kosovo,Europe,,25.1,,,,0,5,,25.1,E,Low,N/A,Low,N/A,,8.366666666666667,
CHE,Switzerland,Europe,,24.4,,,,0,5,,24.4,E,Low,N/A,Low,N/A,,8.133333333333333,
