country,iso3,assessment_year,pvs_assessment_version,indicator,indicator_code,indicator_name,score,score_scale,source,source_url,data_availability,missing_data_flag
Afghanistan,AFG,2017,Public PVS report (edition varies),IV-1A,IV-1A,IV-1A,,1-5,Public PVSIS report (parse incomplete): OIE PVS EVALUATION FOLLOW-UP REPORT OF THE VETERINARY SERVICES OF THE ISLAMIC REPUBLIC OF AFGHANISTAN,https://pvs.woah.org/pvs-is-be/api/document-management/download-public/25,unavailable,True
Afghanistan,AFG,2017,Public PVS report (edition varies),IV-1B,IV-1B,IV-1B,,1-5,Public PVSIS report (parse incomplete): OIE PVS EVALUATION FOLLOW-UP REPORT OF THE VETERINARY SERVICES OF THE ISLAMIC REPUBLIC OF AFGHANISTAN,https://pvs.woah.org/pvs-is-be/api/document-management/download-public/25,unavailable,True
Afghanistan,AFG,2017,Public PVS report (edition varies),IV-4,IV-4,IV-4,2.0,1-5,Public PVSIS report: OIE PVS EVALUATION FOLLOW-UP REPORT OF THE VETERINARY SERVICES OF THE ISLAMIC REPUBLIC OF AFGHANISTAN,https://pvs.woah.org/pvs-is-be/api/document-management/download-public/25,public_report,False
Afghanistan,AFG,2017,Public PVS report (edition varies),IV-6,IV-6,IV-6,1.0,1-5,Public PVSIS report: OIE PVS EVALUATION FOLLOW-UP REPORT OF THE VETERINARY SERVICES OF THE ISLAMIC REPUBLIC OF AFGHANISTAN,https://pvs.woah.org/pvs-is-be/api/document-management/download-public/25,public_report,False
Afghanistan,AFG,2017,Public PVS report (edition varies),IV-7,IV-7,IV-7,1.0,1-5,Public PVSIS report: OIE PVS EVALUATION FOLLOW-UP REPORT OF THE VETERINARY SERVICES OF THE ISLAMIC REPUBLIC OF AFGHANISTAN,https://pvs.woah.org/pvs-is-be/api/document-management/download-public/25,public_report,False
United Arab Emirates,ARE,2024,Public PVS report (edition varies),IV-1A,IV-1A,IV-1A,3.0,1-5,Public PVSIS report: PVS FOLLOW-UP EVALUATION   REPORT OF THE  VETERINARY SERVICES OF  The United Arab Emirates ,https://pvs.woah.org/pvs-is-be/api/document-management/download-public/603,public_report,False
United Arab Emirates,ARE,2024,Public PVS report (edition varies),IV-1B,IV-1B,IV-1B,3.0,1-5,Public PVSIS report: PVS FOLLOW-UP EVALUATION   REPORT OF THE  VETERINARY SERVICES OF  The United Arab Emirates ,https://pvs.woah.org/pvs-is-be/api/document-management/download-public/603,public_report,False
United Arab Emirates,ARE,2024,Public PVS report (edition varies),IV-4,IV-4,IV-4,3.0,1-5,Public PVSIS report: PVS FOLLOW-UP EVALUATION   REPORT OF THE  VETERINARY SERVICES OF  The United Arab Emirates ,https://pvs.woah.org/pvs-is-be/api/document-management/download-public/603,public_report,False
United Arab Emirates,ARE,2024,Public PVS report (edition varies),IV-6,IV-6,IV-6,,1-5,Public PVSIS report: PVS FOLLOW-UP EVALUATION   REPORT OF THE  VETERINARY SERVICES OF  The United Arab Emirates ,https://pvs.woah.org/pvs-is-be/api/document-management/download-public/603,unavailable,True
United Arab Emirates,ARE,2024,Public PVS report (edition varies),IV-7,IV-7,IV-7,2.0,1-5,Public PVSIS report: PVS FOLLOW-UP EVALUATION   REPORT OF THE  VETERINARY SERVICES OF  The United Arab Emirates ,https://pvs.woah.org/pvs-is-be/api/document-management/download-public/603,public_report,False
Argentina,ARG,2014,Public PVS report (edition varies),IV-1A,IV-1A,IV-1A,,1-5,Public PVSIS report (parse incomplete): Informe de Evaluación PVS,https://pvs.woah.org/pvs-is-be/api/document-management/download-public/65,unavailable,True
Argentina,ARG,2014,Public PVS report (edition varies),IV-1B,IV-1B,IV-1B,,1-5,Public PVSIS report (parse incomplete): Informe de Evaluación PVS,https://pvs.woah.org/pvs-is-be/api/document-management/download-public/65,unavailable,True
Argentina,ARG,2014,Public PVS report (edition varies),IV-4,IV-4,IV-4,,1-5,Public PVSIS report (parse incomplete): Informe de Evaluación PVS,https://pvs.woah.org/pvs-is-be/api/document-management/download-public/65,unavailable,True
Argentina,ARG,2014,Public PVS report (edition varies),IV-6,IV-6,IV-6,,1-5,Public PVSIS report (parse incomplete): Informe de Evaluación PVS,https://pvs.woah.org/pvs-is-be/api/document-management/download-public/65,unavailable,True
Argentina,ARG,2014,Public PVS report (edition varies),IV-7,IV-7,IV-7,,1-5,Public PVSIS report (parse incomplete): Informe de Evaluación PVS,https://pvs.woah.org/pvs-is-be/api/document-management/download-public/65,unavailable,True
Australia,AUS,2015,Public PVS report (edition varies),IV-1A,IV-1A,IV-1A,,1-5,"Public PVSIS report (parse incomplete): Self Assessment Annual Report, 2025",https://pvs.woah.org/pvs-is-be/api/document-management/download-public/772,unavailable,True
Australia,AUS,2015,Public PVS report (edition varies),IV-1B,IV-1B,IV-1B,,1-5,"Public PVSIS report (parse incomplete): Self Assessment Annual Report, 2025",https://pvs.woah.org/pvs-is-be/api/document-management/download-public/772,unavailable,True
Australia,AUS,2015,Public PVS report (edition varies),IV-4,IV-4,IV-4,,1-5,"Public PVSIS report (parse incomplete): Self Assessment Annual Report, 2025",https://pvs.woah.org/pvs-is-be/api/document-management/download-public/772,unavailable,True
Australia,AUS,2015,Public PVS report (edition varies),IV-6,IV-6,IV-6,,1-5,"Public PVSIS report (parse incomplete): Self Assessment Annual Report, 2025",https://pvs.woah.org/pvs-is-be/api/document-management/download-public/772,unavailable,True
Australia,AUS,2015,Public PVS report (edition varies),IV-7,IV-7,IV-7,,1-5,"Public PVSIS report (parse incomplete): Self Assessment Annual Report, 2025",https://pvs.woah.org/pvs-is-be/api/document-management/download-public/772,unavailable,True
Benin,BEN,2013,Public PVS report (edition varies),IV-1A,IV-1A,IV-1A,,1-5,Public PVSIS report (parse incomplete): RAPPORT DE LA MISSION DE SUIVI DE L’ÉVALUATION PVS DES SERVICES VÉTÉRINAIRES DU BENIN,https://pvs.woah.org/pvs-is-be/api/document-management/download-public/38,unavailable,True
Benin,BEN,2013,Public PVS report (edition varies),IV-1B,IV-1B,IV-1B,,1-5,Public PVSIS report (parse incomplete): RAPPORT DE LA MISSION DE SUIVI DE L’ÉVALUATION PVS DES SERVICES VÉTÉRINAIRES DU BENIN,https://pvs.woah.org/pvs-is-be/api/document-management/download-public/38,unavailable,True
Benin,BEN,2013,Public PVS report (edition varies),IV-4,IV-4,IV-4,,1-5,Public PVSIS report (parse incomplete): RAPPORT DE LA MISSION DE SUIVI DE L’ÉVALUATION PVS DES SERVICES VÉTÉRINAIRES DU BENIN,https://pvs.woah.org/pvs-is-be/api/document-management/download-public/38,unavailable,True
Benin,BEN,2013,Public PVS report (edition varies),IV-6,IV-6,IV-6,,1-5,Public PVSIS report (parse incomplete): RAPPORT DE LA MISSION DE SUIVI DE L’ÉVALUATION PVS DES SERVICES VÉTÉRINAIRES DU BENIN,https://pvs.woah.org/pvs-is-be/api/document-management/download-public/38,unavailable,True
Benin,BEN,2013,Public PVS report (edition varies),IV-7,IV-7,IV-7,,1-5,Public PVSIS report (parse incomplete): RAPPORT DE LA MISSION DE SUIVI DE L’ÉVALUATION PVS DES SERVICES VÉTÉRINAIRES DU BENIN,https://pvs.woah.org/pvs-is-be/api/document-management/download-public/38,unavailable,True
Belarus,BLR,2015,Public PVS report (edition varies),IV-1A,IV-1A,IV-1A,,1-5,Public PVSIS report (parse incomplete): PVS Evaluation mission report,https://pvs.woah.org/pvs-is-be/api/document-management/download-public/140,unavailable,True
Belarus,BLR,2015,Public PVS report (edition varies),IV-1B,IV-1B,IV-1B,,1-5,Public PVSIS report (parse incomplete): PVS Evaluation mission report,https://pvs.woah.org/pvs-is-be/api/document-management/download-public/140,unavailable,True
Belarus,BLR,2015,Public PVS report (edition varies),IV-4,IV-4,IV-4,4.0,1-5,Public PVSIS report: PVS Evaluation mission report,https://pvs.woah.org/pvs-is-be/api/document-management/download-public/140,public_report,False
Belarus,BLR,2015,Public PVS report (edition varies),IV-6,IV-6,IV-6,3.0,1-5,Public PVSIS report: PVS Evaluation mission report,https://pvs.woah.org/pvs-is-be/api/document-management/download-public/140,public_report,False
Belarus,BLR,2015,Public PVS report (edition varies),IV-7,IV-7,IV-7,3.0,1-5,Public PVSIS report: PVS Evaluation mission report,https://pvs.woah.org/pvs-is-be/api/document-management/download-public/140,public_report,False
Belize,BLZ,2014,Public PVS report (edition varies),IV-1A,IV-1A,IV-1A,,1-5,Public PVSIS report (parse incomplete): OIE PVS Evaluation mission,https://pvs.woah.org/pvs-is-be/api/document-management/download-public/113,unavailable,True
Belize,BLZ,2014,Public PVS report (edition varies),IV-1B,IV-1B,IV-1B,,1-5,Public PVSIS report (parse incomplete): OIE PVS Evaluation mission,https://pvs.woah.org/pvs-is-be/api/document-management/download-public/113,unavailable,True
Belize,BLZ,2014,Public PVS report (edition varies),IV-4,IV-4,IV-4,3.0,1-5,Public PVSIS report: OIE PVS Evaluation mission,https://pvs.woah.org/pvs-is-be/api/document-management/download-public/113,public_report,False
Belize,BLZ,2014,Public PVS report (edition varies),IV-6,IV-6,IV-6,2.0,1-5,Public PVSIS report: OIE PVS Evaluation mission,https://pvs.woah.org/pvs-is-be/api/document-management/download-public/113,public_report,False
Belize,BLZ,2014,Public PVS report (edition varies),IV-7,IV-7,IV-7,2.0,1-5,Public PVSIS report: OIE PVS Evaluation mission,https://pvs.woah.org/pvs-is-be/api/document-management/download-public/113,public_report,False
Bolivia,BOL,2014,Public PVS report (edition varies),IV-1A,IV-1A,IV-1A,,1-5,Public PVSIS report (parse incomplete): Misión de Evaluación PVS de Seguimiento,https://pvs.woah.org/pvs-is-be/api/document-management/download-public/40,unavailable,True
Bolivia,BOL,2014,Public PVS report (edition varies),IV-1B,IV-1B,IV-1B,,1-5,Public PVSIS report (parse incomplete): Misión de Evaluación PVS de Seguimiento,https://pvs.woah.org/pvs-is-be/api/document-management/download-public/40,unavailable,True
Bolivia,BOL,2014,Public PVS report (edition varies),IV-4,IV-4,IV-4,,1-5,Public PVSIS report (parse incomplete): Misión de Evaluación PVS de Seguimiento,https://pvs.woah.org/pvs-is-be/api/document-management/download-public/40,unavailable,True
Bolivia,BOL,2014,Public PVS report (edition varies),IV-6,IV-6,IV-6,,1-5,Public PVSIS report (parse incomplete): Misión de Evaluación PVS de Seguimiento,https://pvs.woah.org/pvs-is-be/api/document-management/download-public/40,unavailable,True
Bolivia,BOL,2014,Public PVS report (edition varies),IV-7,IV-7,IV-7,,1-5,Public PVSIS report (parse incomplete): Misión de Evaluación PVS de Seguimiento,https://pvs.woah.org/pvs-is-be/api/document-management/download-public/40,unavailable,True
Brazil,BRA,2015,Public PVS report (edition varies),IV-1A,IV-1A,IV-1A,,1-5,"Public PVSIS report (parse incomplete): Self Assessment Annual Report, 2025",https://pvs.woah.org/pvs-is-be/api/document-management/download-public/755,unavailable,True
Brazil,BRA,2015,Public PVS report (edition varies),IV-1B,IV-1B,IV-1B,,1-5,"Public PVSIS report (parse incomplete): Self Assessment Annual Report, 2025",https://pvs.woah.org/pvs-is-be/api/document-management/download-public/755,unavailable,True
Brazil,BRA,2015,Public PVS report (edition varies),IV-4,IV-4,IV-4,,1-5,"Public PVSIS report (parse incomplete): Self Assessment Annual Report, 2025",https://pvs.woah.org/pvs-is-be/api/document-management/download-public/755,unavailable,True
Brazil,BRA,2015,Public PVS report (edition varies),IV-6,IV-6,IV-6,,1-5,"Public PVSIS report (parse incomplete): Self Assessment Annual Report, 2025",https://pvs.woah.org/pvs-is-be/api/document-management/download-public/755,unavailable,True
Brazil,BRA,2015,Public PVS report (edition varies),IV-7,IV-7,IV-7,,1-5,"Public PVSIS report (parse incomplete): Self Assessment Annual Report, 2025",https://pvs.woah.org/pvs-is-be/api/document-management/download-public/755,unavailable,True
Botswana,BWA,2019,Public PVS report (edition varies),IV-1A,IV-1A,IV-1A,4.0,1-5,Public PVSIS report: OIE PVS EVALUATION FOLLOW-UP MISSION REPORT OF THE VETERINARY SERVICES OF BOTSWANA,https://pvs.woah.org/pvs-is-be/api/document-management/download-public/12,public_report,False
Botswana,BWA,2019,Public PVS report (edition varies),IV-1B,IV-1B,IV-1B,,1-5,Public PVSIS report (parse incomplete): OIE PVS EVALUATION FOLLOW-UP MISSION REPORT OF THE VETERINARY SERVICES OF BOTSWANA,https://pvs.woah.org/pvs-is-be/api/document-management/download-public/12,unavailable,True
Botswana,BWA,2019,Public PVS report (edition varies),IV-4,IV-4,IV-4,4.0,1-5,Public PVSIS report: OIE PVS EVALUATION FOLLOW-UP MISSION REPORT OF THE VETERINARY SERVICES OF BOTSWANA,https://pvs.woah.org/pvs-is-be/api/document-management/download-public/12,public_report,False
Botswana,BWA,2019,Public PVS report (edition varies),IV-6,IV-6,IV-6,5.0,1-5,Public PVSIS report: OIE PVS EVALUATION FOLLOW-UP MISSION REPORT OF THE VETERINARY SERVICES OF BOTSWANA,https://pvs.woah.org/pvs-is-be/api/document-management/download-public/12,public_report,False
Botswana,BWA,2019,Public PVS report (edition varies),IV-7,IV-7,IV-7,2.0,1-5,Public PVSIS report: OIE PVS EVALUATION FOLLOW-UP MISSION REPORT OF THE VETERINARY SERVICES OF BOTSWANA,https://pvs.woah.org/pvs-is-be/api/document-management/download-public/12,public_report,False
Chile,CHL,2024,Public PVS report (edition varies),IV-1A,IV-1A,IV-1A,,1-5,"Public PVSIS report (parse incomplete): Self Assessment Annual Report, 2025",https://pvs.woah.org/pvs-is-be/api/document-management/download-public/777,unavailable,True
Chile,CHL,2024,Public PVS report (edition varies),IV-1B,IV-1B,IV-1B,,1-5,"Public PVSIS report (parse incomplete): Self Assessment Annual Report, 2025",https://pvs.woah.org/pvs-is-be/api/document-management/download-public/777,unavailable,True
Chile,CHL,2024,Public PVS report (edition varies),IV-4,IV-4,IV-4,,1-5,"Public PVSIS report (parse incomplete): Self Assessment Annual Report, 2025",https://pvs.woah.org/pvs-is-be/api/document-management/download-public/777,unavailable,True
Chile,CHL,2024,Public PVS report (edition varies),IV-6,IV-6,IV-6,,1-5,"Public PVSIS report (parse incomplete): Self Assessment Annual Report, 2025",https://pvs.woah.org/pvs-is-be/api/document-management/download-public/777,unavailable,True
Chile,CHL,2024,Public PVS report (edition varies),IV-7,IV-7,IV-7,,1-5,"Public PVSIS report (parse incomplete): Self Assessment Annual Report, 2025",https://pvs.woah.org/pvs-is-be/api/document-management/download-public/777,unavailable,True
Côte d'Ivoire,CIV,2016,Public PVS report (edition varies),IV-1A,IV-1A,IV-1A,,1-5,Public PVSIS report (parse incomplete): Rapport d’Evaluation PVS: Aquatique,https://pvs.woah.org/pvs-is-be/api/document-management/download-public/58,unavailable,True
Côte d'Ivoire,CIV,2016,Public PVS report (edition varies),IV-1B,IV-1B,IV-1B,,1-5,Public PVSIS report (parse incomplete): Rapport d’Evaluation PVS: Aquatique,https://pvs.woah.org/pvs-is-be/api/document-management/download-public/58,unavailable,True
Côte d'Ivoire,CIV,2016,Public PVS report (edition varies),IV-4,IV-4,IV-4,,1-5,Public PVSIS report (parse incomplete): Rapport d’Evaluation PVS: Aquatique,https://pvs.woah.org/pvs-is-be/api/document-management/download-public/58,unavailable,True
Côte d'Ivoire,CIV,2016,Public PVS report (edition varies),IV-6,IV-6,IV-6,,1-5,Public PVSIS report (parse incomplete): Rapport d’Evaluation PVS: Aquatique,https://pvs.woah.org/pvs-is-be/api/document-management/download-public/58,unavailable,True
Côte d'Ivoire,CIV,2016,Public PVS report (edition varies),IV-7,IV-7,IV-7,,1-5,Public PVSIS report (parse incomplete): Rapport d’Evaluation PVS: Aquatique,https://pvs.woah.org/pvs-is-be/api/document-management/download-public/58,unavailable,True
Congo,COG,2019,Public PVS report (edition varies),IV-1A,IV-1A,IV-1A,2.0,1-5,Public PVSIS report: Rapport de mission d’évaluation PVS,https://pvs.woah.org/pvs-is-be/api/document-management/download-public/139,public_report,False
Congo,COG,2019,Public PVS report (edition varies),IV-1B,IV-1B,IV-1B,2.0,1-5,Public PVSIS report: Rapport de mission d’évaluation PVS,https://pvs.woah.org/pvs-is-be/api/document-management/download-public/139,public_report,False
Congo,COG,2019,Public PVS report (edition varies),IV-4,IV-4,IV-4,,1-5,Public PVSIS report (parse incomplete): Rapport de mission d’évaluation PVS,https://pvs.woah.org/pvs-is-be/api/document-management/download-public/139,unavailable,True
Congo,COG,2019,Public PVS report (edition varies),IV-6,IV-6,IV-6,,1-5,Public PVSIS report (parse incomplete): Rapport de mission d’évaluation PVS,https://pvs.woah.org/pvs-is-be/api/document-management/download-public/139,unavailable,True
Congo,COG,2019,Public PVS report (edition varies),IV-7,IV-7,IV-7,,1-5,Public PVSIS report (parse incomplete): Rapport de mission d’évaluation PVS,https://pvs.woah.org/pvs-is-be/api/document-management/download-public/139,unavailable,True
Colombia,COL,2019,Public PVS report (edition varies),IV-1A,IV-1A,IV-1A,,1-5,Public PVSIS report (parse incomplete): Informe de Evaluación PVS: Acuáticos ,https://pvs.woah.org/pvs-is-be/api/document-management/download-public/232,unavailable,True
Colombia,COL,2019,Public PVS report (edition varies),IV-1B,IV-1B,IV-1B,,1-5,Public PVSIS report (parse incomplete): Informe de Evaluación PVS: Acuáticos ,https://pvs.woah.org/pvs-is-be/api/document-management/download-public/232,unavailable,True
Colombia,COL,2019,Public PVS report (edition varies),IV-4,IV-4,IV-4,,1-5,Public PVSIS report (parse incomplete): Informe de Evaluación PVS: Acuáticos ,https://pvs.woah.org/pvs-is-be/api/document-management/download-public/232,unavailable,True
Colombia,COL,2019,Public PVS report (edition varies),IV-6,IV-6,IV-6,,1-5,Public PVSIS report (parse incomplete): Informe de Evaluación PVS: Acuáticos ,https://pvs.woah.org/pvs-is-be/api/document-management/download-public/232,unavailable,True
Colombia,COL,2019,Public PVS report (edition varies),IV-7,IV-7,IV-7,,1-5,Public PVSIS report (parse incomplete): Informe de Evaluación PVS: Acuáticos ,https://pvs.woah.org/pvs-is-be/api/document-management/download-public/232,unavailable,True
Costa Rica,CRI,2015,Public PVS report (edition varies),IV-1A,IV-1A,IV-1A,,1-5,Public PVSIS report (parse incomplete): INFORME DE  EVALUACIÓN PVS  DE SEGUIMIENTO  DE LOS SERVICIOS VETERINARIOS DE COSTA RICA,https://pvs.woah.org/pvs-is-be/api/document-management/download-public/50,unavailable,True
Costa Rica,CRI,2015,Public PVS report (edition varies),IV-1B,IV-1B,IV-1B,,1-5,Public PVSIS report (parse incomplete): INFORME DE  EVALUACIÓN PVS  DE SEGUIMIENTO  DE LOS SERVICIOS VETERINARIOS DE COSTA RICA,https://pvs.woah.org/pvs-is-be/api/document-management/download-public/50,unavailable,True
Costa Rica,CRI,2015,Public PVS report (edition varies),IV-4,IV-4,IV-4,,1-5,Public PVSIS report (parse incomplete): INFORME DE  EVALUACIÓN PVS  DE SEGUIMIENTO  DE LOS SERVICIOS VETERINARIOS DE COSTA RICA,https://pvs.woah.org/pvs-is-be/api/document-management/download-public/50,unavailable,True
Costa Rica,CRI,2015,Public PVS report (edition varies),IV-6,IV-6,IV-6,,1-5,Public PVSIS report (parse incomplete): INFORME DE  EVALUACIÓN PVS  DE SEGUIMIENTO  DE LOS SERVICIOS VETERINARIOS DE COSTA RICA,https://pvs.woah.org/pvs-is-be/api/document-management/download-public/50,unavailable,True
Costa Rica,CRI,2015,Public PVS report (edition varies),IV-7,IV-7,IV-7,,1-5,Public PVSIS report (parse incomplete): INFORME DE  EVALUACIÓN PVS  DE SEGUIMIENTO  DE LOS SERVICIOS VETERINARIOS DE COSTA RICA,https://pvs.woah.org/pvs-is-be/api/document-management/download-public/50,unavailable,True
Dominica,DMA,2009,Public PVS report (edition varies),IV-1A,IV-1A,IV-1A,,1-5,Public PVSIS report (parse incomplete): Herramienta para la Evaluación de las  Prestaciones de los Servicios Veterinarios ,https://pvs.woah.org/pvs-is-be/api/document-management/download-public/189,unavailable,True
Dominica,DMA,2009,Public PVS report (edition varies),IV-1B,IV-1B,IV-1B,,1-5,Public PVSIS report (parse incomplete): Herramienta para la Evaluación de las  Prestaciones de los Servicios Veterinarios ,https://pvs.woah.org/pvs-is-be/api/document-management/download-public/189,unavailable,True
Dominica,DMA,2009,Public PVS report (edition varies),IV-4,IV-4,IV-4,,1-5,Public PVSIS report (parse incomplete): Herramienta para la Evaluación de las  Prestaciones de los Servicios Veterinarios ,https://pvs.woah.org/pvs-is-be/api/document-management/download-public/189,unavailable,True
Dominica,DMA,2009,Public PVS report (edition varies),IV-6,IV-6,IV-6,,1-5,Public PVSIS report (parse incomplete): Herramienta para la Evaluación de las  Prestaciones de los Servicios Veterinarios ,https://pvs.woah.org/pvs-is-be/api/document-management/download-public/189,unavailable,True
Dominica,DMA,2009,Public PVS report (edition varies),IV-7,IV-7,IV-7,,1-5,Public PVSIS report (parse incomplete): Herramienta para la Evaluación de las  Prestaciones de los Servicios Veterinarios ,https://pvs.woah.org/pvs-is-be/api/document-management/download-public/189,unavailable,True
Ethiopia,ETH,2025,Public PVS report (edition varies),IV-1A,IV-1A,IV-1A,3.0,1-5,Public PVSIS report: WOAH PVS Evaluation Follow-Up  mission report of Ethiopia,https://pvs.woah.org/pvs-is-be/api/document-management/download-public/740,public_report,False
Ethiopia,ETH,2025,Public PVS report (edition varies),IV-1B,IV-1B,IV-1B,2.0,1-5,Public PVSIS report: WOAH PVS Evaluation Follow-Up  mission report of Ethiopia,https://pvs.woah.org/pvs-is-be/api/document-management/download-public/740,public_report,False
Ethiopia,ETH,2025,Public PVS report (edition varies),IV-4,IV-4,IV-4,3.0,1-5,Public PVSIS report: WOAH PVS Evaluation Follow-Up  mission report of Ethiopia,https://pvs.woah.org/pvs-is-be/api/document-management/download-public/740,public_report,False
Ethiopia,ETH,2025,Public PVS report (edition varies),IV-6,IV-6,IV-6,,1-5,Public PVSIS report: WOAH PVS Evaluation Follow-Up  mission report of Ethiopia,https://pvs.woah.org/pvs-is-be/api/document-management/download-public/740,unavailable,True
Ethiopia,ETH,2025,Public PVS report (edition varies),IV-7,IV-7,IV-7,2.0,1-5,Public PVSIS report: WOAH PVS Evaluation Follow-Up  mission report of Ethiopia,https://pvs.woah.org/pvs-is-be/api/document-management/download-public/740,public_report,False
Guinea,GIN,2019,Public PVS report (edition varies),IV-1A,IV-1A,IV-1A,4.0,1-5,Public PVSIS report: Rapport de mission d’évaluation PVS de suivi,https://pvs.woah.org/pvs-is-be/api/document-management/download-public/109,public_report,False
Guinea,GIN,2019,Public PVS report (edition varies),IV-1B,IV-1B,IV-1B,1.0,1-5,Public PVSIS report: Rapport de mission d’évaluation PVS de suivi,https://pvs.woah.org/pvs-is-be/api/document-management/download-public/109,public_report,False
Guinea,GIN,2019,Public PVS report (edition varies),IV-4,IV-4,IV-4,,1-5,Public PVSIS report (parse incomplete): Rapport de mission d’évaluation PVS de suivi,https://pvs.woah.org/pvs-is-be/api/document-management/download-public/109,unavailable,True
Guinea,GIN,2019,Public PVS report (edition varies),IV-6,IV-6,IV-6,,1-5,Public PVSIS report (parse incomplete): Rapport de mission d’évaluation PVS de suivi,https://pvs.woah.org/pvs-is-be/api/document-management/download-public/109,unavailable,True
Guinea,GIN,2019,Public PVS report (edition varies),IV-7,IV-7,IV-7,,1-5,Public PVSIS report (parse incomplete): Rapport de mission d’évaluation PVS de suivi,https://pvs.woah.org/pvs-is-be/api/document-management/download-public/109,unavailable,True
Guinea-Bissau,GNB,2015,Public PVS report (edition varies),IV-1A,IV-1A,IV-1A,,1-5,Public PVSIS report (parse incomplete): Rapport de mission d’évaluation PVS de suivi,https://pvs.woah.org/pvs-is-be/api/document-management/download-public/75,unavailable,True
Guinea-Bissau,GNB,2015,Public PVS report (edition varies),IV-1B,IV-1B,IV-1B,,1-5,Public PVSIS report (parse incomplete): Rapport de mission d’évaluation PVS de suivi,https://pvs.woah.org/pvs-is-be/api/document-management/download-public/75,unavailable,True
Guinea-Bissau,GNB,2015,Public PVS report (edition varies),IV-4,IV-4,IV-4,,1-5,Public PVSIS report (parse incomplete): Rapport de mission d’évaluation PVS de suivi,https://pvs.woah.org/pvs-is-be/api/document-management/download-public/75,unavailable,True
Guinea-Bissau,GNB,2015,Public PVS report (edition varies),IV-6,IV-6,IV-6,,1-5,Public PVSIS report (parse incomplete): Rapport de mission d’évaluation PVS de suivi,https://pvs.woah.org/pvs-is-be/api/document-management/download-public/75,unavailable,True
Guinea-Bissau,GNB,2015,Public PVS report (edition varies),IV-7,IV-7,IV-7,,1-5,Public PVSIS report (parse incomplete): Rapport de mission d’évaluation PVS de suivi,https://pvs.woah.org/pvs-is-be/api/document-management/download-public/75,unavailable,True
Haiti,HTI,2010,Public PVS report (edition varies),IV-1A,IV-1A,IV-1A,,1-5,Public PVSIS report (parse incomplete): Outil pour l’évaluation des performances des Services Vétérinaires,https://pvs.woah.org/pvs-is-be/api/document-management/download-public/231,unavailable,True
Haiti,HTI,2010,Public PVS report (edition varies),IV-1B,IV-1B,IV-1B,,1-5,Public PVSIS report (parse incomplete): Outil pour l’évaluation des performances des Services Vétérinaires,https://pvs.woah.org/pvs-is-be/api/document-management/download-public/231,unavailable,True
Haiti,HTI,2010,Public PVS report (edition varies),IV-4,IV-4,IV-4,,1-5,Public PVSIS report (parse incomplete): Outil pour l’évaluation des performances des Services Vétérinaires,https://pvs.woah.org/pvs-is-be/api/document-management/download-public/231,unavailable,True
Haiti,HTI,2010,Public PVS report (edition varies),IV-6,IV-6,IV-6,,1-5,Public PVSIS report (parse incomplete): Outil pour l’évaluation des performances des Services Vétérinaires,https://pvs.woah.org/pvs-is-be/api/document-management/download-public/231,unavailable,True
Haiti,HTI,2010,Public PVS report (edition varies),IV-7,IV-7,IV-7,,1-5,Public PVSIS report (parse incomplete): Outil pour l’évaluation des performances des Services Vétérinaires,https://pvs.woah.org/pvs-is-be/api/document-management/download-public/231,unavailable,True
India,IND,2018,Public PVS report (edition varies),IV-1A,IV-1A,IV-1A,,1-5,Public PVSIS report (parse incomplete): OIE PVS Evaluation Mission Report,https://pvs.woah.org/pvs-is-be/api/document-management/download-public/93,unavailable,True
India,IND,2018,Public PVS report (edition varies),IV-1B,IV-1B,IV-1B,,1-5,Public PVSIS report (parse incomplete): OIE PVS Evaluation Mission Report,https://pvs.woah.org/pvs-is-be/api/document-management/download-public/93,unavailable,True
India,IND,2018,Public PVS report (edition varies),IV-4,IV-4,IV-4,3.0,1-5,Public PVSIS report: OIE PVS Evaluation Mission Report,https://pvs.woah.org/pvs-is-be/api/document-management/download-public/93,public_report,False
India,IND,2018,Public PVS report (edition varies),IV-6,IV-6,IV-6,4.0,1-5,Public PVSIS report: OIE PVS Evaluation Mission Report,https://pvs.woah.org/pvs-is-be/api/document-management/download-public/93,public_report,False
India,IND,2018,Public PVS report (edition varies),IV-7,IV-7,IV-7,5.0,1-5,Public PVSIS report: OIE PVS Evaluation Mission Report,https://pvs.woah.org/pvs-is-be/api/document-management/download-public/93,public_report,False
Iran,IRN,2019,Public PVS report (edition varies),IV-1A,IV-1A,IV-1A,,1-5,"Public PVSIS report (parse incomplete): Self Assessment Annual Report, 2025",https://pvs.woah.org/pvs-is-be/api/document-management/download-public/774,unavailable,True
Iran,IRN,2019,Public PVS report (edition varies),IV-1B,IV-1B,IV-1B,,1-5,"Public PVSIS report (parse incomplete): Self Assessment Annual Report, 2025",https://pvs.woah.org/pvs-is-be/api/document-management/download-public/774,unavailable,True
Iran,IRN,2019,Public PVS report (edition varies),IV-4,IV-4,IV-4,,1-5,"Public PVSIS report (parse incomplete): Self Assessment Annual Report, 2025",https://pvs.woah.org/pvs-is-be/api/document-management/download-public/774,unavailable,True
Iran,IRN,2019,Public PVS report (edition varies),IV-6,IV-6,IV-6,,1-5,"Public PVSIS report (parse incomplete): Self Assessment Annual Report, 2025",https://pvs.woah.org/pvs-is-be/api/document-management/download-public/774,unavailable,True
Iran,IRN,2019,Public PVS report (edition varies),IV-7,IV-7,IV-7,,1-5,"Public PVSIS report (parse incomplete): Self Assessment Annual Report, 2025",https://pvs.woah.org/pvs-is-be/api/document-management/download-public/774,unavailable,True
Iceland,ISL,2015,Public PVS report (edition varies),IV-1A,IV-1A,IV-1A,,1-5,Public PVSIS report (parse incomplete): PVS Evaluation Report ,https://pvs.woah.org/pvs-is-be/api/document-management/download-public/49,unavailable,True
Iceland,ISL,2015,Public PVS report (edition varies),IV-1B,IV-1B,IV-1B,,1-5,Public PVSIS report (parse incomplete): PVS Evaluation Report ,https://pvs.woah.org/pvs-is-be/api/document-management/download-public/49,unavailable,True
Iceland,ISL,2015,Public PVS report (edition varies),IV-4,IV-4,IV-4,5.0,1-5,Public PVSIS report: PVS Evaluation Report ,https://pvs.woah.org/pvs-is-be/api/document-management/download-public/49,public_report,False
Iceland,ISL,2015,Public PVS report (edition varies),IV-6,IV-6,IV-6,3.0,1-5,Public PVSIS report: PVS Evaluation Report ,https://pvs.woah.org/pvs-is-be/api/document-management/download-public/49,public_report,False
Iceland,ISL,2015,Public PVS report (edition varies),IV-7,IV-7,IV-7,,1-5,Public PVSIS report (parse incomplete): PVS Evaluation Report ,https://pvs.woah.org/pvs-is-be/api/document-management/download-public/49,unavailable,True
Israel,ISR,2011,Public PVS report (edition varies),IV-1A,IV-1A,IV-1A,,1-5,Public PVSIS report (parse incomplete): OIE PVS EVALUATION REPORT OF THE VETERINARY SERVICES OF ISRAEL,https://pvs.woah.org/pvs-is-be/api/document-management/download-public/21,unavailable,True
Israel,ISR,2011,Public PVS report (edition varies),IV-1B,IV-1B,IV-1B,,1-5,Public PVSIS report (parse incomplete): OIE PVS EVALUATION REPORT OF THE VETERINARY SERVICES OF ISRAEL,https://pvs.woah.org/pvs-is-be/api/document-management/download-public/21,unavailable,True
Israel,ISR,2011,Public PVS report (edition varies),IV-4,IV-4,IV-4,4.0,1-5,Public PVSIS report: OIE PVS EVALUATION REPORT OF THE VETERINARY SERVICES OF ISRAEL,https://pvs.woah.org/pvs-is-be/api/document-management/download-public/21,public_report,False
Israel,ISR,2011,Public PVS report (edition varies),IV-6,IV-6,IV-6,1.0,1-5,Public PVSIS report: OIE PVS EVALUATION REPORT OF THE VETERINARY SERVICES OF ISRAEL,https://pvs.woah.org/pvs-is-be/api/document-management/download-public/21,public_report,False
Israel,ISR,2011,Public PVS report (edition varies),IV-7,IV-7,IV-7,1.0,1-5,Public PVSIS report: OIE PVS EVALUATION REPORT OF THE VETERINARY SERVICES OF ISRAEL,https://pvs.woah.org/pvs-is-be/api/document-management/download-public/21,public_report,False
Japan,JPN,2016,Public PVS report (edition varies),IV-1A,IV-1A,IV-1A,,1-5,"Public PVSIS report (parse incomplete): Self Assessment Annual Report, 2025",https://pvs.woah.org/pvs-is-be/api/document-management/download-public/765,unavailable,True
Japan,JPN,2016,Public PVS report (edition varies),IV-1B,IV-1B,IV-1B,,1-5,"Public PVSIS report (parse incomplete): Self Assessment Annual Report, 2025",https://pvs.woah.org/pvs-is-be/api/document-management/download-public/765,unavailable,True
Japan,JPN,2016,Public PVS report (edition varies),IV-4,IV-4,IV-4,,1-5,"Public PVSIS report (parse incomplete): Self Assessment Annual Report, 2025",https://pvs.woah.org/pvs-is-be/api/document-management/download-public/765,unavailable,True
Japan,JPN,2016,Public PVS report (edition varies),IV-6,IV-6,IV-6,,1-5,"Public PVSIS report (parse incomplete): Self Assessment Annual Report, 2025",https://pvs.woah.org/pvs-is-be/api/document-management/download-public/765,unavailable,True
Japan,JPN,2016,Public PVS report (edition varies),IV-7,IV-7,IV-7,,1-5,"Public PVSIS report (parse incomplete): Self Assessment Annual Report, 2025",https://pvs.woah.org/pvs-is-be/api/document-management/download-public/765,unavailable,True
Kenya,KEN,2011,Public PVS report (edition varies),IV-1A,IV-1A,IV-1A,,1-5,Public PVSIS report (parse incomplete): PVS Follow-up Evaluation Report,https://pvs.woah.org/pvs-is-be/api/document-management/download-public/214,unavailable,True
Kenya,KEN,2011,Public PVS report (edition varies),IV-1B,IV-1B,IV-1B,,1-5,Public PVSIS report (parse incomplete): PVS Follow-up Evaluation Report,https://pvs.woah.org/pvs-is-be/api/document-management/download-public/214,unavailable,True
Kenya,KEN,2011,Public PVS report (edition varies),IV-4,IV-4,IV-4,,1-5,Public PVSIS report (parse incomplete): PVS Follow-up Evaluation Report,https://pvs.woah.org/pvs-is-be/api/document-management/download-public/214,unavailable,True
Kenya,KEN,2011,Public PVS report (edition varies),IV-6,IV-6,IV-6,,1-5,Public PVSIS report (parse incomplete): PVS Follow-up Evaluation Report,https://pvs.woah.org/pvs-is-be/api/document-management/download-public/214,unavailable,True
Kenya,KEN,2011,Public PVS report (edition varies),IV-7,IV-7,IV-7,,1-5,Public PVSIS report (parse incomplete): PVS Follow-up Evaluation Report,https://pvs.woah.org/pvs-is-be/api/document-management/download-public/214,unavailable,True
Kyrgyzstan,KGZ,2016,Public PVS report (edition varies),IV-1A,IV-1A,IV-1A,,1-5,Public PVSIS report (parse incomplete): OIE PVS Evaluation Follow-Up Mission Report,https://pvs.woah.org/pvs-is-be/api/document-management/download-public/57,unavailable,True
Kyrgyzstan,KGZ,2016,Public PVS report (edition varies),IV-1B,IV-1B,IV-1B,,1-5,Public PVSIS report (parse incomplete): OIE PVS Evaluation Follow-Up Mission Report,https://pvs.woah.org/pvs-is-be/api/document-management/download-public/57,unavailable,True
Kyrgyzstan,KGZ,2016,Public PVS report (edition varies),IV-4,IV-4,IV-4,3.0,1-5,Public PVSIS report: OIE PVS Evaluation Follow-Up Mission Report,https://pvs.woah.org/pvs-is-be/api/document-management/download-public/57,public_report,False
Kyrgyzstan,KGZ,2016,Public PVS report (edition varies),IV-6,IV-6,IV-6,1.0,1-5,Public PVSIS report: OIE PVS Evaluation Follow-Up Mission Report,https://pvs.woah.org/pvs-is-be/api/document-management/download-public/57,public_report,False
Kyrgyzstan,KGZ,2016,Public PVS report (edition varies),IV-7,IV-7,IV-7,1.0,1-5,Public PVSIS report: OIE PVS Evaluation Follow-Up Mission Report,https://pvs.woah.org/pvs-is-be/api/document-management/download-public/57,public_report,False
Moldova,MDA,2024,Public PVS report (edition varies),IV-1A,IV-1A,IV-1A,5.0,1-5,Public PVSIS report: PVS EVALUATION   REPORT OF THE  VETERINARY SERVICES OF Republic of Moldova,https://pvs.woah.org/pvs-is-be/api/document-management/download-public/571,public_report,False
Moldova,MDA,2024,Public PVS report (edition varies),IV-1B,IV-1B,IV-1B,3.0,1-5,Public PVSIS report: PVS EVALUATION   REPORT OF THE  VETERINARY SERVICES OF Republic of Moldova,https://pvs.woah.org/pvs-is-be/api/document-management/download-public/571,public_report,False
Moldova,MDA,2024,Public PVS report (edition varies),IV-4,IV-4,IV-4,5.0,1-5,Public PVSIS report: PVS EVALUATION   REPORT OF THE  VETERINARY SERVICES OF Republic of Moldova,https://pvs.woah.org/pvs-is-be/api/document-management/download-public/571,public_report,False
Moldova,MDA,2024,Public PVS report (edition varies),IV-6,IV-6,IV-6,5.0,1-5,Public PVSIS report: PVS EVALUATION   REPORT OF THE  VETERINARY SERVICES OF Republic of Moldova,https://pvs.woah.org/pvs-is-be/api/document-management/download-public/571,public_report,False
Moldova,MDA,2024,Public PVS report (edition varies),IV-7,IV-7,IV-7,2.0,1-5,Public PVSIS report: PVS EVALUATION   REPORT OF THE  VETERINARY SERVICES OF Republic of Moldova,https://pvs.woah.org/pvs-is-be/api/document-management/download-public/571,public_report,False
Mali,MLI,2017,Public PVS report (edition varies),IV-1A,IV-1A,IV-1A,,1-5,Public PVSIS report (parse incomplete): RAPPORT DE MISSION D’ÉVALUATION PVS DE SUIVI   DES SERVICES VÉTÉRINAIRES DU MALI,https://pvs.woah.org/pvs-is-be/api/document-management/download-public/87,unavailable,True
Mali,MLI,2017,Public PVS report (edition varies),IV-1B,IV-1B,IV-1B,,1-5,Public PVSIS report (parse incomplete): RAPPORT DE MISSION D’ÉVALUATION PVS DE SUIVI   DES SERVICES VÉTÉRINAIRES DU MALI,https://pvs.woah.org/pvs-is-be/api/document-management/download-public/87,unavailable,True
Mali,MLI,2017,Public PVS report (edition varies),IV-4,IV-4,IV-4,,1-5,Public PVSIS report (parse incomplete): RAPPORT DE MISSION D’ÉVALUATION PVS DE SUIVI   DES SERVICES VÉTÉRINAIRES DU MALI,https://pvs.woah.org/pvs-is-be/api/document-management/download-public/87,unavailable,True
Mali,MLI,2017,Public PVS report (edition varies),IV-6,IV-6,IV-6,,1-5,Public PVSIS report (parse incomplete): RAPPORT DE MISSION D’ÉVALUATION PVS DE SUIVI   DES SERVICES VÉTÉRINAIRES DU MALI,https://pvs.woah.org/pvs-is-be/api/document-management/download-public/87,unavailable,True
Mali,MLI,2017,Public PVS report (edition varies),IV-7,IV-7,IV-7,,1-5,Public PVSIS report (parse incomplete): RAPPORT DE MISSION D’ÉVALUATION PVS DE SUIVI   DES SERVICES VÉTÉRINAIRES DU MALI,https://pvs.woah.org/pvs-is-be/api/document-management/download-public/87,unavailable,True
Mauritania,MRT,2024,Public PVS report (edition varies),IV-1A,IV-1A,IV-1A,3.0,1-5,Public PVSIS report: RAPPORT DE MISSION  D’ÉVALUATION PVS DE SUIVI DES SERVICES VÉTÉRINAIRES DE  La République Islamique de Mauritanie,https://pvs.woah.org/pvs-is-be/api/document-management/download-public/578,public_report,False
Mauritania,MRT,2024,Public PVS report (edition varies),IV-1B,IV-1B,IV-1B,2.0,1-5,Public PVSIS report: RAPPORT DE MISSION  D’ÉVALUATION PVS DE SUIVI DES SERVICES VÉTÉRINAIRES DE  La République Islamique de Mauritanie,https://pvs.woah.org/pvs-is-be/api/document-management/download-public/578,public_report,False
Mauritania,MRT,2024,Public PVS report (edition varies),IV-4,IV-4,IV-4,,1-5,Public PVSIS report (parse incomplete): RAPPORT DE MISSION  D’ÉVALUATION PVS DE SUIVI DES SERVICES VÉTÉRINAIRES DE  La République Islamique de Mauritanie,https://pvs.woah.org/pvs-is-be/api/document-management/download-public/578,unavailable,True
Mauritania,MRT,2024,Public PVS report (edition varies),IV-6,IV-6,IV-6,,1-5,Public PVSIS report (parse incomplete): RAPPORT DE MISSION  D’ÉVALUATION PVS DE SUIVI DES SERVICES VÉTÉRINAIRES DE  La République Islamique de Mauritanie,https://pvs.woah.org/pvs-is-be/api/document-management/download-public/578,unavailable,True
Mauritania,MRT,2024,Public PVS report (edition varies),IV-7,IV-7,IV-7,,1-5,Public PVSIS report (parse incomplete): RAPPORT DE MISSION  D’ÉVALUATION PVS DE SUIVI DES SERVICES VÉTÉRINAIRES DE  La République Islamique de Mauritanie,https://pvs.woah.org/pvs-is-be/api/document-management/download-public/578,unavailable,True
Malawi,MWI,2025,Public PVS report (edition varies),IV-1A,IV-1A,IV-1A,2.0,1-5,Public PVSIS report: WOAH_PVS_FU_Evaluation_Malawi_FinalReport+RabiesAnnex,https://pvs.woah.org/pvs-is-be/api/document-management/download-public/698,public_report,False
Malawi,MWI,2025,Public PVS report (edition varies),IV-1B,IV-1B,IV-1B,2.0,1-5,Public PVSIS report: WOAH_PVS_FU_Evaluation_Malawi_FinalReport+RabiesAnnex,https://pvs.woah.org/pvs-is-be/api/document-management/download-public/698,public_report,False
Malawi,MWI,2025,Public PVS report (edition varies),IV-4,IV-4,IV-4,2.0,1-5,Public PVSIS report: WOAH_PVS_FU_Evaluation_Malawi_FinalReport+RabiesAnnex,https://pvs.woah.org/pvs-is-be/api/document-management/download-public/698,public_report,False
Malawi,MWI,2025,Public PVS report (edition varies),IV-6,IV-6,IV-6,,1-5,Public PVSIS report: WOAH_PVS_FU_Evaluation_Malawi_FinalReport+RabiesAnnex,https://pvs.woah.org/pvs-is-be/api/document-management/download-public/698,unavailable,True
Malawi,MWI,2025,Public PVS report (edition varies),IV-7,IV-7,IV-7,,1-5,Public PVSIS report: WOAH_PVS_FU_Evaluation_Malawi_FinalReport+RabiesAnnex,https://pvs.woah.org/pvs-is-be/api/document-management/download-public/698,unavailable,True
Namibia,NAM,2008,Public PVS report (edition varies),IV-1A,IV-1A,IV-1A,,1-5,Public PVSIS report (parse incomplete): Tool for the evaluation of Performance of Veterinary OIE PVS Tool Services,https://pvs.woah.org/pvs-is-be/api/document-management/download-public/171,unavailable,True
Namibia,NAM,2008,Public PVS report (edition varies),IV-1B,IV-1B,IV-1B,,1-5,Public PVSIS report (parse incomplete): Tool for the evaluation of Performance of Veterinary OIE PVS Tool Services,https://pvs.woah.org/pvs-is-be/api/document-management/download-public/171,unavailable,True
Namibia,NAM,2008,Public PVS report (edition varies),IV-4,IV-4,IV-4,,1-5,Public PVSIS report (parse incomplete): Tool for the evaluation of Performance of Veterinary OIE PVS Tool Services,https://pvs.woah.org/pvs-is-be/api/document-management/download-public/171,unavailable,True
Namibia,NAM,2008,Public PVS report (edition varies),IV-6,IV-6,IV-6,,1-5,Public PVSIS report (parse incomplete): Tool for the evaluation of Performance of Veterinary OIE PVS Tool Services,https://pvs.woah.org/pvs-is-be/api/document-management/download-public/171,unavailable,True
Namibia,NAM,2008,Public PVS report (edition varies),IV-7,IV-7,IV-7,,1-5,Public PVSIS report (parse incomplete): Tool for the evaluation of Performance of Veterinary OIE PVS Tool Services,https://pvs.woah.org/pvs-is-be/api/document-management/download-public/171,unavailable,True
Niger,NER,2019,Public PVS report (edition varies),IV-1A,IV-1A,IV-1A,2.0,1-5,Public PVSIS report: Rapport de mission d’évaluation PVS de suivi ,https://pvs.woah.org/pvs-is-be/api/document-management/download-public/103,public_report,False
Niger,NER,2019,Public PVS report (edition varies),IV-1B,IV-1B,IV-1B,1.0,1-5,Public PVSIS report: Rapport de mission d’évaluation PVS de suivi ,https://pvs.woah.org/pvs-is-be/api/document-management/download-public/103,public_report,False
Niger,NER,2019,Public PVS report (edition varies),IV-4,IV-4,IV-4,,1-5,Public PVSIS report (parse incomplete): Rapport de mission d’évaluation PVS de suivi ,https://pvs.woah.org/pvs-is-be/api/document-management/download-public/103,unavailable,True
Niger,NER,2019,Public PVS report (edition varies),IV-6,IV-6,IV-6,,1-5,Public PVSIS report (parse incomplete): Rapport de mission d’évaluation PVS de suivi ,https://pvs.woah.org/pvs-is-be/api/document-management/download-public/103,unavailable,True
Niger,NER,2019,Public PVS report (edition varies),IV-7,IV-7,IV-7,,1-5,Public PVSIS report (parse incomplete): Rapport de mission d’évaluation PVS de suivi ,https://pvs.woah.org/pvs-is-be/api/document-management/download-public/103,unavailable,True
Nigeria,NGA,2019,Public PVS report (edition varies),IV-1A,IV-1A,IV-1A,3.0,1-5,Public PVSIS report: OIE PVS Evaluation Follow-Up Mission Report,https://pvs.woah.org/pvs-is-be/api/document-management/download-public/98,public_report,False
Nigeria,NGA,2019,Public PVS report (edition varies),IV-1B,IV-1B,IV-1B,2.0,1-5,Public PVSIS report: OIE PVS Evaluation Follow-Up Mission Report,https://pvs.woah.org/pvs-is-be/api/document-management/download-public/98,public_report,False
Nigeria,NGA,2019,Public PVS report (edition varies),IV-4,IV-4,IV-4,3.0,1-5,Public PVSIS report: OIE PVS Evaluation Follow-Up Mission Report,https://pvs.woah.org/pvs-is-be/api/document-management/download-public/98,public_report,False
Nigeria,NGA,2019,Public PVS report (edition varies),IV-6,IV-6,IV-6,,1-5,Public PVSIS report: OIE PVS Evaluation Follow-Up Mission Report,https://pvs.woah.org/pvs-is-be/api/document-management/download-public/98,unavailable,True
Nigeria,NGA,2019,Public PVS report (edition varies),IV-7,IV-7,IV-7,,1-5,Public PVSIS report: OIE PVS Evaluation Follow-Up Mission Report,https://pvs.woah.org/pvs-is-be/api/document-management/download-public/98,unavailable,True
Panama,PAN,2007,Public PVS report (edition varies),IV-1A,IV-1A,IV-1A,,1-5,Public PVSIS report (parse incomplete): Instrumento para la Evaluación de las Prestaciones de los Servicios Veterinarios,https://pvs.woah.org/pvs-is-be/api/document-management/download-public/201,unavailable,True
Panama,PAN,2007,Public PVS report (edition varies),IV-1B,IV-1B,IV-1B,,1-5,Public PVSIS report (parse incomplete): Instrumento para la Evaluación de las Prestaciones de los Servicios Veterinarios,https://pvs.woah.org/pvs-is-be/api/document-management/download-public/201,unavailable,True
Panama,PAN,2007,Public PVS report (edition varies),IV-4,IV-4,IV-4,,1-5,Public PVSIS report (parse incomplete): Instrumento para la Evaluación de las Prestaciones de los Servicios Veterinarios,https://pvs.woah.org/pvs-is-be/api/document-management/download-public/201,unavailable,True
Panama,PAN,2007,Public PVS report (edition varies),IV-6,IV-6,IV-6,,1-5,Public PVSIS report (parse incomplete): Instrumento para la Evaluación de las Prestaciones de los Servicios Veterinarios,https://pvs.woah.org/pvs-is-be/api/document-management/download-public/201,unavailable,True
Panama,PAN,2007,Public PVS report (edition varies),IV-7,IV-7,IV-7,,1-5,Public PVSIS report (parse incomplete): Instrumento para la Evaluación de las Prestaciones de los Servicios Veterinarios,https://pvs.woah.org/pvs-is-be/api/document-management/download-public/201,unavailable,True
Paraguay,PRY,2009,Public PVS report (edition varies),IV-1A,IV-1A,IV-1A,,1-5,Public PVSIS report (parse incomplete): Herramienta para la Evaluación de las  Prestaciones de los Servicios Veterinarios ,https://pvs.woah.org/pvs-is-be/api/document-management/download-public/188,unavailable,True
Paraguay,PRY,2009,Public PVS report (edition varies),IV-1B,IV-1B,IV-1B,,1-5,Public PVSIS report (parse incomplete): Herramienta para la Evaluación de las  Prestaciones de los Servicios Veterinarios ,https://pvs.woah.org/pvs-is-be/api/document-management/download-public/188,unavailable,True
Paraguay,PRY,2009,Public PVS report (edition varies),IV-4,IV-4,IV-4,,1-5,Public PVSIS report (parse incomplete): Herramienta para la Evaluación de las  Prestaciones de los Servicios Veterinarios ,https://pvs.woah.org/pvs-is-be/api/document-management/download-public/188,unavailable,True
Paraguay,PRY,2009,Public PVS report (edition varies),IV-6,IV-6,IV-6,,1-5,Public PVSIS report (parse incomplete): Herramienta para la Evaluación de las  Prestaciones de los Servicios Veterinarios ,https://pvs.woah.org/pvs-is-be/api/document-management/download-public/188,unavailable,True
Paraguay,PRY,2009,Public PVS report (edition varies),IV-7,IV-7,IV-7,,1-5,Public PVSIS report (parse incomplete): Herramienta para la Evaluación de las  Prestaciones de los Servicios Veterinarios ,https://pvs.woah.org/pvs-is-be/api/document-management/download-public/188,unavailable,True
Rwanda,RWA,2019,Public PVS report (edition varies),IV-1A,IV-1A,IV-1A,3.0,1-5,Public PVSIS report: OIE PVS Evaluation Follow-Up Mission Report,https://pvs.woah.org/pvs-is-be/api/document-management/download-public/51,public_report,False
Rwanda,RWA,2019,Public PVS report (edition varies),IV-1B,IV-1B,IV-1B,2.0,1-5,Public PVSIS report: OIE PVS Evaluation Follow-Up Mission Report,https://pvs.woah.org/pvs-is-be/api/document-management/download-public/51,public_report,False
Rwanda,RWA,2019,Public PVS report (edition varies),IV-4,IV-4,IV-4,3.0,1-5,Public PVSIS report: OIE PVS Evaluation Follow-Up Mission Report,https://pvs.woah.org/pvs-is-be/api/document-management/download-public/51,public_report,False
Rwanda,RWA,2019,Public PVS report (edition varies),IV-6,IV-6,IV-6,2.0,1-5,Public PVSIS report: OIE PVS Evaluation Follow-Up Mission Report,https://pvs.woah.org/pvs-is-be/api/document-management/download-public/51,public_report,False
Rwanda,RWA,2019,Public PVS report (edition varies),IV-7,IV-7,IV-7,,1-5,Public PVSIS report: OIE PVS Evaluation Follow-Up Mission Report,https://pvs.woah.org/pvs-is-be/api/document-management/download-public/51,unavailable,True
Sudan,SDN,2013,Public PVS report (edition varies),IV-1A,IV-1A,IV-1A,,1-5,Public PVSIS report (parse incomplete): OIE PVS Evaluation mission,https://pvs.woah.org/pvs-is-be/api/document-management/download-public/31,unavailable,True
Sudan,SDN,2013,Public PVS report (edition varies),IV-1B,IV-1B,IV-1B,,1-5,Public PVSIS report (parse incomplete): OIE PVS Evaluation mission,https://pvs.woah.org/pvs-is-be/api/document-management/download-public/31,unavailable,True
Sudan,SDN,2013,Public PVS report (edition varies),IV-4,IV-4,IV-4,3.0,1-5,Public PVSIS report: OIE PVS Evaluation mission,https://pvs.woah.org/pvs-is-be/api/document-management/download-public/31,public_report,False
Sudan,SDN,2013,Public PVS report (edition varies),IV-6,IV-6,IV-6,2.0,1-5,Public PVSIS report: OIE PVS Evaluation mission,https://pvs.woah.org/pvs-is-be/api/document-management/download-public/31,public_report,False
Sudan,SDN,2013,Public PVS report (edition varies),IV-7,IV-7,IV-7,1.0,1-5,Public PVSIS report: OIE PVS Evaluation mission,https://pvs.woah.org/pvs-is-be/api/document-management/download-public/31,public_report,False
Solomon Islands,SLB,2023,Public PVS report (edition varies),IV-1A,IV-1A,IV-1A,2.0,1-5,Public PVSIS report: PVS EVALUATION REPORT OF THE VETERINARY SERVICES OF SOLOMON ISLANDS,https://pvs.woah.org/pvs-is-be/api/document-management/download-public/546,public_report,False
Solomon Islands,SLB,2023,Public PVS report (edition varies),IV-1B,IV-1B,IV-1B,2.0,1-5,Public PVSIS report: PVS EVALUATION REPORT OF THE VETERINARY SERVICES OF SOLOMON ISLANDS,https://pvs.woah.org/pvs-is-be/api/document-management/download-public/546,public_report,False
Solomon Islands,SLB,2023,Public PVS report (edition varies),IV-4,IV-4,IV-4,2.0,1-5,Public PVSIS report: PVS EVALUATION REPORT OF THE VETERINARY SERVICES OF SOLOMON ISLANDS,https://pvs.woah.org/pvs-is-be/api/document-management/download-public/546,public_report,False
Solomon Islands,SLB,2023,Public PVS report (edition varies),IV-6,IV-6,IV-6,,1-5,Public PVSIS report: PVS EVALUATION REPORT OF THE VETERINARY SERVICES OF SOLOMON ISLANDS,https://pvs.woah.org/pvs-is-be/api/document-management/download-public/546,unavailable,True
Solomon Islands,SLB,2023,Public PVS report (edition varies),IV-7,IV-7,IV-7,,1-5,Public PVSIS report: PVS EVALUATION REPORT OF THE VETERINARY SERVICES OF SOLOMON ISLANDS,https://pvs.woah.org/pvs-is-be/api/document-management/download-public/546,unavailable,True
Somalia,SOM,2023,Public PVS report (edition varies),IV-1A,IV-1A,IV-1A,2.0,1-5,Public PVSIS report: PVS EVALUATION PROVISIONAL REPORT OF THE VETERINARY SERVICES OF THE FEDERAL REPUBLIC OF SOMALIA,https://pvs.woah.org/pvs-is-be/api/document-management/download-public/547,public_report,False
Somalia,SOM,2023,Public PVS report (edition varies),IV-1B,IV-1B,IV-1B,2.0,1-5,Public PVSIS report: PVS EVALUATION PROVISIONAL REPORT OF THE VETERINARY SERVICES OF THE FEDERAL REPUBLIC OF SOMALIA,https://pvs.woah.org/pvs-is-be/api/document-management/download-public/547,public_report,False
Somalia,SOM,2023,Public PVS report (edition varies),IV-4,IV-4,IV-4,3.0,1-5,Public PVSIS report: PVS EVALUATION PROVISIONAL REPORT OF THE VETERINARY SERVICES OF THE FEDERAL REPUBLIC OF SOMALIA,https://pvs.woah.org/pvs-is-be/api/document-management/download-public/547,public_report,False
Somalia,SOM,2023,Public PVS report (edition varies),IV-6,IV-6,IV-6,,1-5,Public PVSIS report: PVS EVALUATION PROVISIONAL REPORT OF THE VETERINARY SERVICES OF THE FEDERAL REPUBLIC OF SOMALIA,https://pvs.woah.org/pvs-is-be/api/document-management/download-public/547,unavailable,True
Somalia,SOM,2023,Public PVS report (edition varies),IV-7,IV-7,IV-7,,1-5,Public PVSIS report: PVS EVALUATION PROVISIONAL REPORT OF THE VETERINARY SERVICES OF THE FEDERAL REPUBLIC OF SOMALIA,https://pvs.woah.org/pvs-is-be/api/document-management/download-public/547,unavailable,True
South Sudan,SSD,2025,Public PVS report (edition varies),IV-1A,IV-1A,IV-1A,2.0,1-5,Public PVSIS report: PVS_Evaluation_SouthSudan_PreparatoryPhase_ProvisionalReport,https://pvs.woah.org/pvs-is-be/api/document-management/download-public/749,public_report,False
South Sudan,SSD,2025,Public PVS report (edition varies),IV-1B,IV-1B,IV-1B,1.0,1-5,Public PVSIS report: PVS_Evaluation_SouthSudan_PreparatoryPhase_ProvisionalReport,https://pvs.woah.org/pvs-is-be/api/document-management/download-public/749,public_report,False
South Sudan,SSD,2025,Public PVS report (edition varies),IV-4,IV-4,IV-4,2.0,1-5,Public PVSIS report: PVS_Evaluation_SouthSudan_PreparatoryPhase_ProvisionalReport,https://pvs.woah.org/pvs-is-be/api/document-management/download-public/749,public_report,False
South Sudan,SSD,2025,Public PVS report (edition varies),IV-6,IV-6,IV-6,,1-5,Public PVSIS report: PVS_Evaluation_SouthSudan_PreparatoryPhase_ProvisionalReport,https://pvs.woah.org/pvs-is-be/api/document-management/download-public/749,unavailable,True
South Sudan,SSD,2025,Public PVS report (edition varies),IV-7,IV-7,IV-7,,1-5,Public PVSIS report: PVS_Evaluation_SouthSudan_PreparatoryPhase_ProvisionalReport,https://pvs.woah.org/pvs-is-be/api/document-management/download-public/749,unavailable,True
Eswatini,SWZ,2015,Public PVS report (edition varies),IV-1A,IV-1A,IV-1A,,1-5,Public PVSIS report (parse incomplete): OIE PVS Evaluation Follow-Up Mission Report,https://pvs.woah.org/pvs-is-be/api/document-management/download-public/45,unavailable,True
Eswatini,SWZ,2015,Public PVS report (edition varies),IV-1B,IV-1B,IV-1B,,1-5,Public PVSIS report (parse incomplete): OIE PVS Evaluation Follow-Up Mission Report,https://pvs.woah.org/pvs-is-be/api/document-management/download-public/45,unavailable,True
Eswatini,SWZ,2015,Public PVS report (edition varies),IV-4,IV-4,IV-4,3.0,1-5,Public PVSIS report: OIE PVS Evaluation Follow-Up Mission Report,https://pvs.woah.org/pvs-is-be/api/document-management/download-public/45,public_report,False
Eswatini,SWZ,2015,Public PVS report (edition varies),IV-6,IV-6,IV-6,4.0,1-5,Public PVSIS report: OIE PVS Evaluation Follow-Up Mission Report,https://pvs.woah.org/pvs-is-be/api/document-management/download-public/45,public_report,False
Eswatini,SWZ,2015,Public PVS report (edition varies),IV-7,IV-7,IV-7,2.0,1-5,Public PVSIS report: OIE PVS Evaluation Follow-Up Mission Report,https://pvs.woah.org/pvs-is-be/api/document-management/download-public/45,public_report,False
Seychelles,SYC,2011,Public PVS report (edition varies),IV-1A,IV-1A,IV-1A,,1-5,"Public PVSIS report (parse incomplete): Self Assessment Annual Report, 2025",https://pvs.woah.org/pvs-is-be/api/document-management/download-public/770,unavailable,True
Seychelles,SYC,2011,Public PVS report (edition varies),IV-1B,IV-1B,IV-1B,,1-5,"Public PVSIS report (parse incomplete): Self Assessment Annual Report, 2025",https://pvs.woah.org/pvs-is-be/api/document-management/download-public/770,unavailable,True
Seychelles,SYC,2011,Public PVS report (edition varies),IV-4,IV-4,IV-4,,1-5,"Public PVSIS report (parse incomplete): Self Assessment Annual Report, 2025",https://pvs.woah.org/pvs-is-be/api/document-management/download-public/770,unavailable,True
Seychelles,SYC,2011,Public PVS report (edition varies),IV-6,IV-6,IV-6,,1-5,"Public PVSIS report (parse incomplete): Self Assessment Annual Report, 2025",https://pvs.woah.org/pvs-is-be/api/document-management/download-public/770,unavailable,True
Seychelles,SYC,2011,Public PVS report (edition varies),IV-7,IV-7,IV-7,,1-5,"Public PVSIS report (parse incomplete): Self Assessment Annual Report, 2025",https://pvs.woah.org/pvs-is-be/api/document-management/download-public/770,unavailable,True
Syria,SYR,2008,Public PVS report (edition varies),IV-1A,IV-1A,IV-1A,,1-5,Public PVSIS report (parse incomplete): EVALUATION OF VETERINARY SERVICES IN SYRIA,https://pvs.woah.org/pvs-is-be/api/document-management/download-public/17,unavailable,True
Syria,SYR,2008,Public PVS report (edition varies),IV-1B,IV-1B,IV-1B,,1-5,Public PVSIS report (parse incomplete): EVALUATION OF VETERINARY SERVICES IN SYRIA,https://pvs.woah.org/pvs-is-be/api/document-management/download-public/17,unavailable,True
Syria,SYR,2008,Public PVS report (edition varies),IV-4,IV-4,IV-4,,1-5,Public PVSIS report (parse incomplete): EVALUATION OF VETERINARY SERVICES IN SYRIA,https://pvs.woah.org/pvs-is-be/api/document-management/download-public/17,unavailable,True
Syria,SYR,2008,Public PVS report (edition varies),IV-6,IV-6,IV-6,,1-5,Public PVSIS report (parse incomplete): EVALUATION OF VETERINARY SERVICES IN SYRIA,https://pvs.woah.org/pvs-is-be/api/document-management/download-public/17,unavailable,True
Syria,SYR,2008,Public PVS report (edition varies),IV-7,IV-7,IV-7,,1-5,Public PVSIS report (parse incomplete): EVALUATION OF VETERINARY SERVICES IN SYRIA,https://pvs.woah.org/pvs-is-be/api/document-management/download-public/17,unavailable,True
Chad,TCD,2019,Public PVS report (edition varies),IV-1A,IV-1A,IV-1A,2.0,1-5,Public PVSIS report: Rapport de mission d’évaluation PVS de suivi,https://pvs.woah.org/pvs-is-be/api/document-management/download-public/99,public_report,False
Chad,TCD,2019,Public PVS report (edition varies),IV-1B,IV-1B,IV-1B,1.0,1-5,Public PVSIS report: Rapport de mission d’évaluation PVS de suivi,https://pvs.woah.org/pvs-is-be/api/document-management/download-public/99,public_report,False
Chad,TCD,2019,Public PVS report (edition varies),IV-4,IV-4,IV-4,,1-5,Public PVSIS report (parse incomplete): Rapport de mission d’évaluation PVS de suivi,https://pvs.woah.org/pvs-is-be/api/document-management/download-public/99,unavailable,True
Chad,TCD,2019,Public PVS report (edition varies),IV-6,IV-6,IV-6,,1-5,Public PVSIS report (parse incomplete): Rapport de mission d’évaluation PVS de suivi,https://pvs.woah.org/pvs-is-be/api/document-management/download-public/99,unavailable,True
Chad,TCD,2019,Public PVS report (edition varies),IV-7,IV-7,IV-7,,1-5,Public PVSIS report (parse incomplete): Rapport de mission d’évaluation PVS de suivi,https://pvs.woah.org/pvs-is-be/api/document-management/download-public/99,unavailable,True
Togo,TGO,2019,Public PVS report (edition varies),IV-1A,IV-1A,IV-1A,2.0,1-5,Public PVSIS report: Rapport de mission d’évaluation PVS de suivi,https://pvs.woah.org/pvs-is-be/api/document-management/download-public/100,public_report,False
Togo,TGO,2019,Public PVS report (edition varies),IV-1B,IV-1B,IV-1B,,1-5,Public PVSIS report (parse incomplete): Rapport de mission d’évaluation PVS de suivi,https://pvs.woah.org/pvs-is-be/api/document-management/download-public/100,unavailable,True
Togo,TGO,2019,Public PVS report (edition varies),IV-4,IV-4,IV-4,,1-5,Public PVSIS report (parse incomplete): Rapport de mission d’évaluation PVS de suivi,https://pvs.woah.org/pvs-is-be/api/document-management/download-public/100,unavailable,True
Togo,TGO,2019,Public PVS report (edition varies),IV-6,IV-6,IV-6,,1-5,Public PVSIS report (parse incomplete): Rapport de mission d’évaluation PVS de suivi,https://pvs.woah.org/pvs-is-be/api/document-management/download-public/100,unavailable,True
Togo,TGO,2019,Public PVS report (edition varies),IV-7,IV-7,IV-7,,1-5,Public PVSIS report (parse incomplete): Rapport de mission d’évaluation PVS de suivi,https://pvs.woah.org/pvs-is-be/api/document-management/download-public/100,unavailable,True
Tajikistan,TJK,2017,Public PVS report (edition varies),IV-1A,IV-1A,IV-1A,,1-5,Public PVSIS report (parse incomplete): OIE PVS Evaluation Follow-Up Mission Report ,https://pvs.woah.org/pvs-is-be/api/document-management/download-public/86,unavailable,True
Tajikistan,TJK,2017,Public PVS report (edition varies),IV-1B,IV-1B,IV-1B,,1-5,Public PVSIS report (parse incomplete): OIE PVS Evaluation Follow-Up Mission Report ,https://pvs.woah.org/pvs-is-be/api/document-management/download-public/86,unavailable,True
Tajikistan,TJK,2017,Public PVS report (edition varies),IV-4,IV-4,IV-4,4.0,1-5,Public PVSIS report: OIE PVS Evaluation Follow-Up Mission Report ,https://pvs.woah.org/pvs-is-be/api/document-management/download-public/86,public_report,False
Tajikistan,TJK,2017,Public PVS report (edition varies),IV-6,IV-6,IV-6,2.0,1-5,Public PVSIS report: OIE PVS Evaluation Follow-Up Mission Report ,https://pvs.woah.org/pvs-is-be/api/document-management/download-public/86,public_report,False
Tajikistan,TJK,2017,Public PVS report (edition varies),IV-7,IV-7,IV-7,1.0,1-5,Public PVSIS report: OIE PVS Evaluation Follow-Up Mission Report ,https://pvs.woah.org/pvs-is-be/api/document-management/download-public/86,public_report,False
Timor-Leste,TLS,2011,Public PVS report (edition varies),IV-1A,IV-1A,IV-1A,,1-5,Public PVSIS report (parse incomplete): Tool for the evaluation  of Performance of Veterinary Services,https://pvs.woah.org/pvs-is-be/api/document-management/download-public/368,unavailable,True
Timor-Leste,TLS,2011,Public PVS report (edition varies),IV-1B,IV-1B,IV-1B,,1-5,Public PVSIS report (parse incomplete): Tool for the evaluation  of Performance of Veterinary Services,https://pvs.woah.org/pvs-is-be/api/document-management/download-public/368,unavailable,True
Timor-Leste,TLS,2011,Public PVS report (edition varies),IV-4,IV-4,IV-4,1.0,1-5,Public PVSIS report: Tool for the evaluation  of Performance of Veterinary Services,https://pvs.woah.org/pvs-is-be/api/document-management/download-public/368,public_report,False
Timor-Leste,TLS,2011,Public PVS report (edition varies),IV-6,IV-6,IV-6,1.0,1-5,Public PVSIS report: Tool for the evaluation  of Performance of Veterinary Services,https://pvs.woah.org/pvs-is-be/api/document-management/download-public/368,public_report,False
Timor-Leste,TLS,2011,Public PVS report (edition varies),IV-7,IV-7,IV-7,1.0,1-5,Public PVSIS report: Tool for the evaluation  of Performance of Veterinary Services,https://pvs.woah.org/pvs-is-be/api/document-management/download-public/368,public_report,False
Tonga,TON,2024,Public PVS report (edition varies),IV-1A,IV-1A,IV-1A,3.0,1-5,Public PVSIS report: PVS EVALUATION REPORT OF THE VETERINARY SERVICES OF KINGDOM OF TONGA,https://pvs.woah.org/pvs-is-be/api/document-management/download-public/579,public_report,False
Tonga,TON,2024,Public PVS report (edition varies),IV-1B,IV-1B,IV-1B,2.0,1-5,Public PVSIS report: PVS EVALUATION REPORT OF THE VETERINARY SERVICES OF KINGDOM OF TONGA,https://pvs.woah.org/pvs-is-be/api/document-management/download-public/579,public_report,False
Tonga,TON,2024,Public PVS report (edition varies),IV-4,IV-4,IV-4,3.0,1-5,Public PVSIS report: PVS EVALUATION REPORT OF THE VETERINARY SERVICES OF KINGDOM OF TONGA,https://pvs.woah.org/pvs-is-be/api/document-management/download-public/579,public_report,False
Tonga,TON,2024,Public PVS report (edition varies),IV-6,IV-6,IV-6,1.0,1-5,Public PVSIS report: PVS EVALUATION REPORT OF THE VETERINARY SERVICES OF KINGDOM OF TONGA,https://pvs.woah.org/pvs-is-be/api/document-management/download-public/579,public_report,False
Tonga,TON,2024,Public PVS report (edition varies),IV-7,IV-7,IV-7,1.0,1-5,Public PVSIS report: PVS EVALUATION REPORT OF THE VETERINARY SERVICES OF KINGDOM OF TONGA,https://pvs.woah.org/pvs-is-be/api/document-management/download-public/579,public_report,False
Türkiye,TUR,2017,Public PVS report (edition varies),IV-1A,IV-1A,IV-1A,,1-5,Public PVSIS report (parse incomplete): OIE PVS EVALUATION FOLLOW-UP REPORT OF THE VETERINARY SERVICES OF TURKEY,https://pvs.woah.org/pvs-is-be/api/document-management/download-public/141,unavailable,True
Türkiye,TUR,2017,Public PVS report (edition varies),IV-1B,IV-1B,IV-1B,,1-5,Public PVSIS report (parse incomplete): OIE PVS EVALUATION FOLLOW-UP REPORT OF THE VETERINARY SERVICES OF TURKEY,https://pvs.woah.org/pvs-is-be/api/document-management/download-public/141,unavailable,True
Türkiye,TUR,2017,Public PVS report (edition varies),IV-4,IV-4,IV-4,2.0,1-5,Public PVSIS report: OIE PVS EVALUATION FOLLOW-UP REPORT OF THE VETERINARY SERVICES OF TURKEY,https://pvs.woah.org/pvs-is-be/api/document-management/download-public/141,public_report,False
Türkiye,TUR,2017,Public PVS report (edition varies),IV-6,IV-6,IV-6,2.0,1-5,Public PVSIS report: OIE PVS EVALUATION FOLLOW-UP REPORT OF THE VETERINARY SERVICES OF TURKEY,https://pvs.woah.org/pvs-is-be/api/document-management/download-public/141,public_report,False
Türkiye,TUR,2017,Public PVS report (edition varies),IV-7,IV-7,IV-7,1.0,1-5,Public PVSIS report: OIE PVS EVALUATION FOLLOW-UP REPORT OF THE VETERINARY SERVICES OF TURKEY,https://pvs.woah.org/pvs-is-be/api/document-management/download-public/141,public_report,False
Chinese Taipei,TWN,2019,Public PVS report (edition varies),IV-1A,IV-1A,IV-1A,4.0,1-5,Public PVSIS report: PVS Evaluation mission report,https://pvs.woah.org/pvs-is-be/api/document-management/download-public/101,public_report,False
Chinese Taipei,TWN,2019,Public PVS report (edition varies),IV-1B,IV-1B,IV-1B,4.0,1-5,Public PVSIS report: PVS Evaluation mission report,https://pvs.woah.org/pvs-is-be/api/document-management/download-public/101,public_report,False
Chinese Taipei,TWN,2019,Public PVS report (edition varies),IV-4,IV-4,IV-4,4.0,1-5,Public PVSIS report: PVS Evaluation mission report,https://pvs.woah.org/pvs-is-be/api/document-management/download-public/101,public_report,False
Chinese Taipei,TWN,2019,Public PVS report (edition varies),IV-6,IV-6,IV-6,5.0,1-5,Public PVSIS report: PVS Evaluation mission report,https://pvs.woah.org/pvs-is-be/api/document-management/download-public/101,public_report,False
Chinese Taipei,TWN,2019,Public PVS report (edition varies),IV-7,IV-7,IV-7,,1-5,Public PVSIS report: PVS Evaluation mission report,https://pvs.woah.org/pvs-is-be/api/document-management/download-public/101,unavailable,True
Tanzania,TZA,2016,Public PVS report (edition varies),IV-1A,IV-1A,IV-1A,,1-5,Public PVSIS report (parse incomplete): PVS Evaluation Follow-Up Mission Report,https://pvs.woah.org/pvs-is-be/api/document-management/download-public/91,unavailable,True
Tanzania,TZA,2016,Public PVS report (edition varies),IV-1B,IV-1B,IV-1B,,1-5,Public PVSIS report (parse incomplete): PVS Evaluation Follow-Up Mission Report,https://pvs.woah.org/pvs-is-be/api/document-management/download-public/91,unavailable,True
Tanzania,TZA,2016,Public PVS report (edition varies),IV-4,IV-4,IV-4,4.0,1-5,Public PVSIS report: PVS Evaluation Follow-Up Mission Report,https://pvs.woah.org/pvs-is-be/api/document-management/download-public/91,public_report,False
Tanzania,TZA,2016,Public PVS report (edition varies),IV-6,IV-6,IV-6,2.0,1-5,Public PVSIS report: PVS Evaluation Follow-Up Mission Report,https://pvs.woah.org/pvs-is-be/api/document-management/download-public/91,public_report,False
Tanzania,TZA,2016,Public PVS report (edition varies),IV-7,IV-7,IV-7,2.0,1-5,Public PVSIS report: PVS Evaluation Follow-Up Mission Report,https://pvs.woah.org/pvs-is-be/api/document-management/download-public/91,public_report,False
Uruguay,URY,2014,Public PVS report (edition varies),IV-1A,IV-1A,IV-1A,,1-5,Public PVSIS report (parse incomplete): Misión de Evaluación PVS de Seguimiento,https://pvs.woah.org/pvs-is-be/api/document-management/download-public/78,unavailable,True
Uruguay,URY,2014,Public PVS report (edition varies),IV-1B,IV-1B,IV-1B,,1-5,Public PVSIS report (parse incomplete): Misión de Evaluación PVS de Seguimiento,https://pvs.woah.org/pvs-is-be/api/document-management/download-public/78,unavailable,True
Uruguay,URY,2014,Public PVS report (edition varies),IV-4,IV-4,IV-4,,1-5,Public PVSIS report (parse incomplete): Misión de Evaluación PVS de Seguimiento,https://pvs.woah.org/pvs-is-be/api/document-management/download-public/78,unavailable,True
Uruguay,URY,2014,Public PVS report (edition varies),IV-6,IV-6,IV-6,,1-5,Public PVSIS report (parse incomplete): Misión de Evaluación PVS de Seguimiento,https://pvs.woah.org/pvs-is-be/api/document-management/download-public/78,unavailable,True
Uruguay,URY,2014,Public PVS report (edition varies),IV-7,IV-7,IV-7,,1-5,Public PVSIS report (parse incomplete): Misión de Evaluación PVS de Seguimiento,https://pvs.woah.org/pvs-is-be/api/document-management/download-public/78,unavailable,True
Viet Nam,VNM,2010,Public PVS report (edition varies),IV-1A,IV-1A,IV-1A,,1-5,Public PVSIS report (parse incomplete): Tool for the evaluation of Performance of Veterinary Services,https://pvs.woah.org/pvs-is-be/api/document-management/download-public/226,unavailable,True
Viet Nam,VNM,2010,Public PVS report (edition varies),IV-1B,IV-1B,IV-1B,,1-5,Public PVSIS report (parse incomplete): Tool for the evaluation of Performance of Veterinary Services,https://pvs.woah.org/pvs-is-be/api/document-management/download-public/226,unavailable,True
Viet Nam,VNM,2010,Public PVS report (edition varies),IV-4,IV-4,IV-4,2.0,1-5,Public PVSIS report: Tool for the evaluation of Performance of Veterinary Services,https://pvs.woah.org/pvs-is-be/api/document-management/download-public/226,public_report,False
Viet Nam,VNM,2010,Public PVS report (edition varies),IV-6,IV-6,IV-6,,1-5,Public PVSIS report (parse incomplete): Tool for the evaluation of Performance of Veterinary Services,https://pvs.woah.org/pvs-is-be/api/document-management/download-public/226,unavailable,True
Viet Nam,VNM,2010,Public PVS report (edition varies),IV-7,IV-7,IV-7,,1-5,Public PVSIS report (parse incomplete): Tool for the evaluation of Performance of Veterinary Services,https://pvs.woah.org/pvs-is-be/api/document-management/download-public/226,unavailable,True
South Africa,ZAF,2012,Public PVS report (edition varies),IV-1A,IV-1A,IV-1A,,1-5,Public PVSIS report (parse incomplete): OIE PVS EVALUATION REPORT OF THE VETERINARY SERVICES OF THE REPUBLIC OF SOUTH AFRICA,https://pvs.woah.org/pvs-is-be/api/document-management/download-public/11,unavailable,True
South Africa,ZAF,2012,Public PVS report (edition varies),IV-1B,IV-1B,IV-1B,,1-5,Public PVSIS report (parse incomplete): OIE PVS EVALUATION REPORT OF THE VETERINARY SERVICES OF THE REPUBLIC OF SOUTH AFRICA,https://pvs.woah.org/pvs-is-be/api/document-management/download-public/11,unavailable,True
South Africa,ZAF,2012,Public PVS report (edition varies),IV-4,IV-4,IV-4,4.0,1-5,Public PVSIS report: OIE PVS EVALUATION REPORT OF THE VETERINARY SERVICES OF THE REPUBLIC OF SOUTH AFRICA,https://pvs.woah.org/pvs-is-be/api/document-management/download-public/11,public_report,False
South Africa,ZAF,2012,Public PVS report (edition varies),IV-6,IV-6,IV-6,5.0,1-5,Public PVSIS report: OIE PVS EVALUATION REPORT OF THE VETERINARY SERVICES OF THE REPUBLIC OF SOUTH AFRICA,https://pvs.woah.org/pvs-is-be/api/document-management/download-public/11,public_report,False
South Africa,ZAF,2012,Public PVS report (edition varies),IV-7,IV-7,IV-7,4.0,1-5,Public PVSIS report: OIE PVS EVALUATION REPORT OF THE VETERINARY SERVICES OF THE REPUBLIC OF SOUTH AFRICA,https://pvs.woah.org/pvs-is-be/api/document-management/download-public/11,public_report,False
Zambia,ZMB,2024,Public PVS report (edition varies),IV-1A,IV-1A,IV-1A,4.0,1-5,Public PVSIS report: PVS EVALUATION FOLLOW-UP REPORT OF THE VETERINARY SERVICES OF  ZAMBIA WITH PPR,https://pvs.woah.org/pvs-is-be/api/document-management/download-public/699,public_report,False
Zambia,ZMB,2024,Public PVS report (edition varies),IV-1B,IV-1B,IV-1B,3.0,1-5,Public PVSIS report: PVS EVALUATION FOLLOW-UP REPORT OF THE VETERINARY SERVICES OF  ZAMBIA WITH PPR,https://pvs.woah.org/pvs-is-be/api/document-management/download-public/699,public_report,False
Zambia,ZMB,2024,Public PVS report (edition varies),IV-4,IV-4,IV-4,3.0,1-5,Public PVSIS report: PVS EVALUATION FOLLOW-UP REPORT OF THE VETERINARY SERVICES OF  ZAMBIA WITH PPR,https://pvs.woah.org/pvs-is-be/api/document-management/download-public/699,public_report,False
Zambia,ZMB,2024,Public PVS report (edition varies),IV-6,IV-6,IV-6,4.0,1-5,Public PVSIS report: PVS EVALUATION FOLLOW-UP REPORT OF THE VETERINARY SERVICES OF  ZAMBIA WITH PPR,https://pvs.woah.org/pvs-is-be/api/document-management/download-public/699,public_report,False
Zambia,ZMB,2024,Public PVS report (edition varies),IV-7,IV-7,IV-7,2.0,1-5,Public PVSIS report: PVS EVALUATION FOLLOW-UP REPORT OF THE VETERINARY SERVICES OF  ZAMBIA WITH PPR,https://pvs.woah.org/pvs-is-be/api/document-management/download-public/699,public_report,False
